{"__type":"$$EventMessageWorkflow","id":"533c7097-b631-4fd1-931d-edfa7368c639","ts":"2025-12-28T11:27:06.220+00:00","eventName":"n8n.workflow.started","message":"n8n.workflow.started","payload":{"executionId":"606","workflowId":"bWF48OWHKGgpaQpr","isManual":false,"workflowName":"Proyecto ITSI"}}
{"__type":"$$EventMessageConfirm","confirm":"533c7097-b631-4fd1-931d-edfa7368c639","ts":"2025-12-28T11:27:06.220+00:00","source":{"id":"0","name":"eventBus"}}
{"__type":"$$EventMessageNode","id":"584f768f-9eae-4de9-966d-81d30f3d6a5d","ts":"2025-12-28T11:27:06.223+00:00","eventName":"n8n.node.started","message":"n8n.node.started","payload":{"workflowId":"bWF48OWHKGgpaQpr","workflowName":"Proyecto ITSI","executionId":"606","nodeType":"n8n-nodes-base.gmailTrigger","nodeName":"Gmail Trigger","nodeId":"10713d14-856d-4b97-8b53-9cfe29fab342"}}
{"__type":"$$EventMessageConfirm","confirm":"584f768f-9eae-4de9-966d-81d30f3d6a5d","ts":"2025-12-28T11:27:06.223+00:00","source":{"id":"0","name":"eventBus"}}
{"__type":"$$EventMessageNode","id":"7b649aa6-92e8-49dd-b399-088948a4e809","ts":"2025-12-28T11:27:07.324+00:00","eventName":"n8n.node.finished","message":"n8n.node.finished","payload":{"workflowId":"bWF48OWHKGgpaQpr","workflowName":"Proyecto ITSI","executionId":"606","nodeType":"n8n-nodes-base.gmailTrigger","nodeName":"Gmail Trigger","nodeId":"10713d14-856d-4b97-8b53-9cfe29fab342"}}
{"__type":"$$EventMessageConfirm","confirm":"7b649aa6-92e8-49dd-b399-088948a4e809","ts":"2025-12-28T11:27:07.324+00:00","source":{"id":"0","name":"eventBus"}}
{"__type":"$$EventMessageNode","id":"d6061d50-bb6e-407b-b8d2-30d3fc28e20e","ts":"2025-12-28T11:27:07.326+00:00","eventName":"n8n.node.started","message":"n8n.node.started","payload":{"workflowId":"bWF48OWHKGgpaQpr","workflowName":"Proyecto ITSI","executionId":"606","nodeType":"@n8n/n8n-nodes-langchain.googleGemini","nodeName":"Message a model","nodeId":"9542e2fc-24b7-4fb1-8601-1ad86f37613f"}}
{"__type":"$$EventMessageConfirm","confirm":"d6061d50-bb6e-407b-b8d2-30d3fc28e20e","ts":"2025-12-28T11:27:07.326+00:00","source":{"id":"0","name":"eventBus"}}
{"__type":"$$EventMessageNode","id":"903323cb-5a8d-4855-aebb-115486c4e7e4","ts":"2025-12-28T06:27:10.310-05:00","eventName":"n8n.node.finished","message":"n8n.node.finished","payload":{"workflowId":"bWF48OWHKGgpaQpr","workflowName":"Proyecto ITSI","executionId":"606","nodeType":"@n8n/n8n-nodes-langchain.googleGemini","nodeName":"Message a model","nodeId":"9542e2fc-24b7-4fb1-8601-1ad86f37613f"}}
{"__type":"$$EventMessageConfirm","confirm":"903323cb-5a8d-4855-aebb-115486c4e7e4","ts":"2025-12-28T06:27:10.310-05:00","source":{"id":"0","name":"eventBus"}}
{"__type":"$$EventMessageNode","id":"e287871b-5897-43a0-84c2-1e7d621a5e5f","ts":"2025-12-28T06:27:10.311-05:00","eventName":"n8n.node.started","message":"n8n.node.started","payload":{"workflowId":"bWF48OWHKGgpaQpr","workflowName":"Proyecto ITSI","executionId":"606","nodeType":"n8n-nodes-base.set","nodeName":"Edit Fields1","nodeId":"7d2ec8dd-8f9a-4a0f-adcc-d6a22c674061"}}
{"__type":"$$EventMessageConfirm","confirm":"e287871b-5897-43a0-84c2-1e7d621a5e5f","ts":"2025-12-28T06:27:10.311-05:00","source":{"id":"0","name":"eventBus"}}
{"__type":"$$EventMessageNode","id":"fc2fd2d2-3bde-419d-8682-4c963bb5eb62","ts":"2025-12-28T06:27:10.366-05:00","eventName":"n8n.node.finished","message":"n8n.node.finished","payload":{"workflowId":"bWF48OWHKGgpaQpr","workflowName":"Proyecto ITSI","executionId":"606","nodeType":"n8n-nodes-base.set","nodeName":"Edit Fields1","nodeId":"7d2ec8dd-8f9a-4a0f-adcc-d6a22c674061"}}
{"__type":"$$EventMessageConfirm","confirm":"fc2fd2d2-3bde-419d-8682-4c963bb5eb62","ts":"2025-12-28T06:27:10.366-05:00","source":{"id":"0","name":"eventBus"}}
{"__type":"$$EventMessageNode","id":"0a12fcf0-cee2-49e5-a63f-d9494cc32bf4","ts":"2025-12-28T06:27:10.367-05:00","eventName":"n8n.node.started","message":"n8n.node.started","payload":{"workflowId":"bWF48OWHKGgpaQpr","workflowName":"Proyecto ITSI","executionId":"606","nodeType":"n8n-nodes-base.postgres","nodeName":"Execute a SQL query","nodeId":"a7d8b01a-13bb-4edc-9d69-2a15dcfa654e"}}
{"__type":"$$EventMessageConfirm","confirm":"0a12fcf0-cee2-49e5-a63f-d9494cc32bf4","ts":"2025-12-28T06:27:10.368-05:00","source":{"id":"0","name":"eventBus"}}
{"__type":"$$EventMessageNode","id":"90ae8b4c-fd6b-48f6-8c57-ba938deb52d0","ts":"2025-12-28T06:27:10.401-05:00","eventName":"n8n.node.finished","message":"n8n.node.finished","payload":{"workflowId":"bWF48OWHKGgpaQpr","workflowName":"Proyecto ITSI","executionId":"606","nodeType":"n8n-nodes-base.postgres","nodeName":"Execute a SQL query","nodeId":"a7d8b01a-13bb-4edc-9d69-2a15dcfa654e"}}
{"__type":"$$EventMessageConfirm","confirm":"90ae8b4c-fd6b-48f6-8c57-ba938deb52d0","ts":"2025-12-28T06:27:10.401-05:00","source":{"id":"0","name":"eventBus"}}
{"__type":"$$EventMessageNode","id":"ca3e75c8-bd83-49dd-8a0d-aa7a13bbb756","ts":"2025-12-28T06:27:10.401-05:00","eventName":"n8n.node.started","message":"n8n.node.started","payload":{"workflowId":"bWF48OWHKGgpaQpr","workflowName":"Proyecto ITSI","executionId":"606","nodeType":"n8n-nodes-base.if","nodeName":"If","nodeId":"c901c88a-ac87-4503-9609-80e74050f0cc"}}
{"__type":"$$EventMessageConfirm","confirm":"ca3e75c8-bd83-49dd-8a0d-aa7a13bbb756","ts":"2025-12-28T06:27:10.402-05:00","source":{"id":"0","name":"eventBus"}}
{"__type":"$$EventMessageNode","id":"c0daf771-ea0b-4aa8-baf7-9d9f60e5c16e","ts":"2025-12-28T06:27:10.411-05:00","eventName":"n8n.node.finished","message":"n8n.node.finished","payload":{"workflowId":"bWF48OWHKGgpaQpr","workflowName":"Proyecto ITSI","executionId":"606","nodeType":"n8n-nodes-base.if","nodeName":"If","nodeId":"c901c88a-ac87-4503-9609-80e74050f0cc"}}
{"__type":"$$EventMessageConfirm","confirm":"c0daf771-ea0b-4aa8-baf7-9d9f60e5c16e","ts":"2025-12-28T06:27:10.411-05:00","source":{"id":"0","name":"eventBus"}}
{"__type":"$$EventMessageNode","id":"beb5e473-5213-4777-8ba9-02cec29aa1ad","ts":"2025-12-28T06:27:10.412-05:00","eventName":"n8n.node.started","message":"n8n.node.started","payload":{"workflowId":"bWF48OWHKGgpaQpr","workflowName":"Proyecto ITSI","executionId":"606","nodeType":"n8n-nodes-base.set","nodeName":"Edit Fields3","nodeId":"a973ca27-2d0b-4415-972a-d6a8154132b8"}}
{"__type":"$$EventMessageConfirm","confirm":"beb5e473-5213-4777-8ba9-02cec29aa1ad","ts":"2025-12-28T06:27:10.412-05:00","source":{"id":"0","name":"eventBus"}}
{"__type":"$$EventMessageNode","id":"6c43ee55-f0c1-4ff9-91e5-b4a944dd7d66","ts":"2025-12-28T06:27:10.435-05:00","eventName":"n8n.node.finished","message":"n8n.node.finished","payload":{"workflowId":"bWF48OWHKGgpaQpr","workflowName":"Proyecto ITSI","executionId":"606","nodeType":"n8n-nodes-base.set","nodeName":"Edit Fields3","nodeId":"a973ca27-2d0b-4415-972a-d6a8154132b8"}}
{"__type":"$$EventMessageConfirm","confirm":"6c43ee55-f0c1-4ff9-91e5-b4a944dd7d66","ts":"2025-12-28T06:27:10.435-05:00","source":{"id":"0","name":"eventBus"}}
{"__type":"$$EventMessageNode","id":"5ffa56ad-6384-48db-bdf2-894288fa487e","ts":"2025-12-28T06:27:10.436-05:00","eventName":"n8n.node.started","message":"n8n.node.started","payload":{"workflowId":"bWF48OWHKGgpaQpr","workflowName":"Proyecto ITSI","executionId":"606","nodeType":"n8n-nodes-base.postgres","nodeName":"Insert rows in a table","nodeId":"dbe924f9-3e3d-4ad0-a8a2-0b1aba6f102e"}}
{"__type":"$$EventMessageConfirm","confirm":"5ffa56ad-6384-48db-bdf2-894288fa487e","ts":"2025-12-28T06:27:10.436-05:00","source":{"id":"0","name":"eventBus"}}
{"__type":"$$EventMessageNode","id":"6965a1a7-db74-44a3-ab3d-c69515d0d6d6","ts":"2025-12-28T06:27:10.528-05:00","eventName":"n8n.node.finished","message":"n8n.node.finished","payload":{"workflowId":"bWF48OWHKGgpaQpr","workflowName":"Proyecto ITSI","executionId":"606","nodeType":"n8n-nodes-base.postgres","nodeName":"Insert rows in a table","nodeId":"dbe924f9-3e3d-4ad0-a8a2-0b1aba6f102e"}}
{"__type":"$$EventMessageConfirm","confirm":"6965a1a7-db74-44a3-ab3d-c69515d0d6d6","ts":"2025-12-28T06:27:10.529-05:00","source":{"id":"0","name":"eventBus"}}
{"__type":"$$EventMessageWorkflow","id":"5f5ebc12-cf93-4c7f-a0b7-d69608a7957a","ts":"2025-12-28T06:27:10.552-05:00","eventName":"n8n.workflow.failed","message":"n8n.workflow.failed","payload":{"userId":"320a3f0c-72cf-4854-85b0-40af06954d1d","executionId":"606","success":false,"isManual":true,"workflowId":"bWF48OWHKGgpaQpr","workflowName":"Proyecto ITSI","lastNodeExecuted":"Insert rows in a table","errorNodeType":"n8n-nodes-base.postgres","errorMessage":"null value in column \"urgencia\" of relation \"tickets\" violates not-null constraint"}}
{"__type":"$$EventMessageConfirm","confirm":"5f5ebc12-cf93-4c7f-a0b7-d69608a7957a","ts":"2025-12-28T06:27:10.552-05:00","source":{"id":"0","name":"eventBus"}}
{"__type":"$$EventMessageWorkflow","id":"e504fa54-da64-46bc-bb94-7dec8f17edb1","ts":"2025-12-28T06:27:52.716-05:00","eventName":"n8n.workflow.started","message":"n8n.workflow.started","payload":{"executionId":"607","workflowId":"bWF48OWHKGgpaQpr","isManual":false,"workflowName":"Proyecto ITSI"}}
{"__type":"$$EventMessageConfirm","confirm":"e504fa54-da64-46bc-bb94-7dec8f17edb1","ts":"2025-12-28T06:27:52.717-05:00","source":{"id":"0","name":"eventBus"}}
{"__type":"$$EventMessageNode","id":"994baadc-2cb5-484a-ba72-565c9e9dee34","ts":"2025-12-28T06:27:52.723-05:00","eventName":"n8n.node.started","message":"n8n.node.started","payload":{"workflowId":"bWF48OWHKGgpaQpr","workflowName":"Proyecto ITSI","executionId":"607","nodeType":"n8n-nodes-base.gmailTrigger","nodeName":"Gmail Trigger","nodeId":"10713d14-856d-4b97-8b53-9cfe29fab342"}}
{"__type":"$$EventMessageConfirm","confirm":"994baadc-2cb5-484a-ba72-565c9e9dee34","ts":"2025-12-28T06:27:52.723-05:00","source":{"id":"0","name":"eventBus"}}
{"__type":"$$EventMessageNode","id":"d65a257e-3a8b-4cab-a436-83f76cd13b48","ts":"2025-12-28T06:27:53.707-05:00","eventName":"n8n.node.finished","message":"n8n.node.finished","payload":{"workflowId":"bWF48OWHKGgpaQpr","workflowName":"Proyecto ITSI","executionId":"607","nodeType":"n8n-nodes-base.gmailTrigger","nodeName":"Gmail Trigger","nodeId":"10713d14-856d-4b97-8b53-9cfe29fab342"}}
{"__type":"$$EventMessageConfirm","confirm":"d65a257e-3a8b-4cab-a436-83f76cd13b48","ts":"2025-12-28T06:27:53.707-05:00","source":{"id":"0","name":"eventBus"}}
{"__type":"$$EventMessageNode","id":"5149f21b-7442-4c48-8db9-797a4ab6741c","ts":"2025-12-28T06:27:53.710-05:00","eventName":"n8n.node.started","message":"n8n.node.started","payload":{"workflowId":"bWF48OWHKGgpaQpr","workflowName":"Proyecto ITSI","executionId":"607","nodeType":"@n8n/n8n-nodes-langchain.googleGemini","nodeName":"Message a model","nodeId":"9542e2fc-24b7-4fb1-8601-1ad86f37613f"}}
{"__type":"$$EventMessageConfirm","confirm":"5149f21b-7442-4c48-8db9-797a4ab6741c","ts":"2025-12-28T06:27:53.710-05:00","source":{"id":"0","name":"eventBus"}}
{"__type":"$$EventMessageNode","id":"135216e9-a7bb-4c32-88e6-9c0c5e119a57","ts":"2025-12-28T06:27:56.632-05:00","eventName":"n8n.node.finished","message":"n8n.node.finished","payload":{"workflowId":"bWF48OWHKGgpaQpr","workflowName":"Proyecto ITSI","executionId":"607","nodeType":"@n8n/n8n-nodes-langchain.googleGemini","nodeName":"Message a model","nodeId":"9542e2fc-24b7-4fb1-8601-1ad86f37613f"}}
{"__type":"$$EventMessageConfirm","confirm":"135216e9-a7bb-4c32-88e6-9c0c5e119a57","ts":"2025-12-28T06:27:56.632-05:00","source":{"id":"0","name":"eventBus"}}
{"__type":"$$EventMessageNode","id":"db105e7e-82ef-43a2-9c88-a68d1cbe4dc9","ts":"2025-12-28T06:27:56.633-05:00","eventName":"n8n.node.started","message":"n8n.node.started","payload":{"workflowId":"bWF48OWHKGgpaQpr","workflowName":"Proyecto ITSI","executionId":"607","nodeType":"n8n-nodes-base.set","nodeName":"Edit Fields1","nodeId":"7d2ec8dd-8f9a-4a0f-adcc-d6a22c674061"}}
{"__type":"$$EventMessageConfirm","confirm":"db105e7e-82ef-43a2-9c88-a68d1cbe4dc9","ts":"2025-12-28T06:27:56.634-05:00","source":{"id":"0","name":"eventBus"}}
{"__type":"$$EventMessageNode","id":"ec92d534-90eb-48c0-ac09-5012f2b1b96c","ts":"2025-12-28T06:27:56.639-05:00","eventName":"n8n.node.finished","message":"n8n.node.finished","payload":{"workflowId":"bWF48OWHKGgpaQpr","workflowName":"Proyecto ITSI","executionId":"607","nodeType":"n8n-nodes-base.set","nodeName":"Edit Fields1","nodeId":"7d2ec8dd-8f9a-4a0f-adcc-d6a22c674061"}}
{"__type":"$$EventMessageConfirm","confirm":"ec92d534-90eb-48c0-ac09-5012f2b1b96c","ts":"2025-12-28T06:27:56.639-05:00","source":{"id":"0","name":"eventBus"}}
{"__type":"$$EventMessageNode","id":"a30f0bd5-9190-4d1f-8d2d-bdede23330cd","ts":"2025-12-28T06:27:56.640-05:00","eventName":"n8n.node.started","message":"n8n.node.started","payload":{"workflowId":"bWF48OWHKGgpaQpr","workflowName":"Proyecto ITSI","executionId":"607","nodeType":"n8n-nodes-base.postgres","nodeName":"Execute a SQL query","nodeId":"a7d8b01a-13bb-4edc-9d69-2a15dcfa654e"}}
{"__type":"$$EventMessageConfirm","confirm":"a30f0bd5-9190-4d1f-8d2d-bdede23330cd","ts":"2025-12-28T06:27:56.640-05:00","source":{"id":"0","name":"eventBus"}}
{"__type":"$$EventMessageNode","id":"b1dc21e4-851c-4cf4-97f5-010f389aeb30","ts":"2025-12-28T06:27:56.663-05:00","eventName":"n8n.node.finished","message":"n8n.node.finished","payload":{"workflowId":"bWF48OWHKGgpaQpr","workflowName":"Proyecto ITSI","executionId":"607","nodeType":"n8n-nodes-base.postgres","nodeName":"Execute a SQL query","nodeId":"a7d8b01a-13bb-4edc-9d69-2a15dcfa654e"}}
{"__type":"$$EventMessageConfirm","confirm":"b1dc21e4-851c-4cf4-97f5-010f389aeb30","ts":"2025-12-28T06:27:56.663-05:00","source":{"id":"0","name":"eventBus"}}
{"__type":"$$EventMessageNode","id":"f0192cfc-c06c-49e5-b4a1-8b7cd5a8a3b3","ts":"2025-12-28T06:27:56.664-05:00","eventName":"n8n.node.started","message":"n8n.node.started","payload":{"workflowId":"bWF48OWHKGgpaQpr","workflowName":"Proyecto ITSI","executionId":"607","nodeType":"n8n-nodes-base.if","nodeName":"If","nodeId":"c901c88a-ac87-4503-9609-80e74050f0cc"}}
{"__type":"$$EventMessageConfirm","confirm":"f0192cfc-c06c-49e5-b4a1-8b7cd5a8a3b3","ts":"2025-12-28T06:27:56.664-05:00","source":{"id":"0","name":"eventBus"}}
{"__type":"$$EventMessageNode","id":"536fbbbb-71fb-49c3-be70-95fa0d96e71a","ts":"2025-12-28T06:27:56.666-05:00","eventName":"n8n.node.finished","message":"n8n.node.finished","payload":{"workflowId":"bWF48OWHKGgpaQpr","workflowName":"Proyecto ITSI","executionId":"607","nodeType":"n8n-nodes-base.if","nodeName":"If","nodeId":"c901c88a-ac87-4503-9609-80e74050f0cc"}}
{"__type":"$$EventMessageConfirm","confirm":"536fbbbb-71fb-49c3-be70-95fa0d96e71a","ts":"2025-12-28T06:27:56.667-05:00","source":{"id":"0","name":"eventBus"}}
{"__type":"$$EventMessageNode","id":"0a33780d-8d08-47bd-b114-74108e14e7d3","ts":"2025-12-28T06:27:56.669-05:00","eventName":"n8n.node.started","message":"n8n.node.started","payload":{"workflowId":"bWF48OWHKGgpaQpr","workflowName":"Proyecto ITSI","executionId":"607","nodeType":"n8n-nodes-base.set","nodeName":"Edit Fields2","nodeId":"ddca281d-98d0-48aa-8b79-9bae94fd0f78"}}
{"__type":"$$EventMessageConfirm","confirm":"0a33780d-8d08-47bd-b114-74108e14e7d3","ts":"2025-12-28T06:27:56.670-05:00","source":{"id":"0","name":"eventBus"}}
{"__type":"$$EventMessageNode","id":"72a4e2d2-cd1a-4477-8168-b13c240fc197","ts":"2025-12-28T06:27:56.719-05:00","eventName":"n8n.node.finished","message":"n8n.node.finished","payload":{"workflowId":"bWF48OWHKGgpaQpr","workflowName":"Proyecto ITSI","executionId":"607","nodeType":"n8n-nodes-base.set","nodeName":"Edit Fields2","nodeId":"ddca281d-98d0-48aa-8b79-9bae94fd0f78"}}
{"__type":"$$EventMessageConfirm","confirm":"72a4e2d2-cd1a-4477-8168-b13c240fc197","ts":"2025-12-28T06:27:56.719-05:00","source":{"id":"0","name":"eventBus"}}
{"__type":"$$EventMessageNode","id":"bfc87c98-f846-47e7-ba8a-2ba13e06cf58","ts":"2025-12-28T06:27:56.723-05:00","eventName":"n8n.node.started","message":"n8n.node.started","payload":{"workflowId":"bWF48OWHKGgpaQpr","workflowName":"Proyecto ITSI","executionId":"607","nodeType":"n8n-nodes-base.postgres","nodeName":"Insert rows in a table","nodeId":"dbe924f9-3e3d-4ad0-a8a2-0b1aba6f102e"}}
{"__type":"$$EventMessageConfirm","confirm":"bfc87c98-f846-47e7-ba8a-2ba13e06cf58","ts":"2025-12-28T06:27:56.723-05:00","source":{"id":"0","name":"eventBus"}}
{"__type":"$$EventMessageNode","id":"cec37af0-91b9-40ec-923c-9eb87c04989c","ts":"2025-12-28T06:27:56.758-05:00","eventName":"n8n.node.finished","message":"n8n.node.finished","payload":{"workflowId":"bWF48OWHKGgpaQpr","workflowName":"Proyecto ITSI","executionId":"607","nodeType":"n8n-nodes-base.postgres","nodeName":"Insert rows in a table","nodeId":"dbe924f9-3e3d-4ad0-a8a2-0b1aba6f102e"}}
{"__type":"$$EventMessageConfirm","confirm":"cec37af0-91b9-40ec-923c-9eb87c04989c","ts":"2025-12-28T06:27:56.758-05:00","source":{"id":"0","name":"eventBus"}}
{"__type":"$$EventMessageNode","id":"78b52541-3aad-420a-b7b5-33a42878e46e","ts":"2025-12-28T06:27:56.759-05:00","eventName":"n8n.node.started","message":"n8n.node.started","payload":{"workflowId":"bWF48OWHKGgpaQpr","workflowName":"Proyecto ITSI","executionId":"607","nodeType":"n8n-nodes-base.switch","nodeName":"Switch","nodeId":"1c9cb01e-8c4b-49c1-a552-3afb7e34c563"}}
{"__type":"$$EventMessageConfirm","confirm":"78b52541-3aad-420a-b7b5-33a42878e46e","ts":"2025-12-28T06:27:56.759-05:00","source":{"id":"0","name":"eventBus"}}
{"__type":"$$EventMessageNode","id":"6539d03d-d1e5-45ba-8ee8-baadb0c54cfd","ts":"2025-12-28T06:27:56.793-05:00","eventName":"n8n.node.finished","message":"n8n.node.finished","payload":{"workflowId":"bWF48OWHKGgpaQpr","workflowName":"Proyecto ITSI","executionId":"607","nodeType":"n8n-nodes-base.switch","nodeName":"Switch","nodeId":"1c9cb01e-8c4b-49c1-a552-3afb7e34c563"}}
{"__type":"$$EventMessageConfirm","confirm":"6539d03d-d1e5-45ba-8ee8-baadb0c54cfd","ts":"2025-12-28T06:27:56.793-05:00","source":{"id":"0","name":"eventBus"}}
{"__type":"$$EventMessageNode","id":"36559efa-724f-4134-8877-89fe9d67e953","ts":"2025-12-28T06:27:56.794-05:00","eventName":"n8n.node.started","message":"n8n.node.started","payload":{"workflowId":"bWF48OWHKGgpaQpr","workflowName":"Proyecto ITSI","executionId":"607","nodeType":"n8n-nodes-base.rabbitmq","nodeName":"RabbitMQ3","nodeId":"93677961-4c9f-4cd6-8afa-499b34fb9bc3"}}
{"__type":"$$EventMessageConfirm","confirm":"36559efa-724f-4134-8877-89fe9d67e953","ts":"2025-12-28T06:27:56.794-05:00","source":{"id":"0","name":"eventBus"}}
{"__type":"$$EventMessageNode","id":"84967644-3c55-44f1-a8d4-a360631791d1","ts":"2025-12-28T06:28:01.814-05:00","eventName":"n8n.node.finished","message":"n8n.node.finished","payload":{"workflowId":"bWF48OWHKGgpaQpr","workflowName":"Proyecto ITSI","executionId":"607","nodeType":"n8n-nodes-base.rabbitmq","nodeName":"RabbitMQ3","nodeId":"93677961-4c9f-4cd6-8afa-499b34fb9bc3"}}
{"__type":"$$EventMessageConfirm","confirm":"84967644-3c55-44f1-a8d4-a360631791d1","ts":"2025-12-28T06:28:01.814-05:00","source":{"id":"0","name":"eventBus"}}
{"__type":"$$EventMessageWorkflow","id":"2ed37140-854e-44af-a220-4d39049d0331","ts":"2025-12-28T06:28:01.825-05:00","eventName":"n8n.workflow.failed","message":"n8n.workflow.failed","payload":{"userId":"320a3f0c-72cf-4854-85b0-40af06954d1d","executionId":"607","success":false,"isManual":true,"workflowId":"bWF48OWHKGgpaQpr","workflowName":"Proyecto ITSI","lastNodeExecuted":"RabbitMQ3","errorMessage":"getaddrinfo EAI_AGAIN mq"}}
{"__type":"$$EventMessageConfirm","confirm":"2ed37140-854e-44af-a220-4d39049d0331","ts":"2025-12-28T06:28:01.826-05:00","source":{"id":"0","name":"eventBus"}}
{"__type":"$$EventMessageWorkflow","id":"b34fb04f-08a8-4b58-b11e-faf7b55efa26","ts":"2025-12-28T06:29:01.727-05:00","eventName":"n8n.workflow.started","message":"n8n.workflow.started","payload":{"executionId":"608","workflowId":"bWF48OWHKGgpaQpr","isManual":false,"workflowName":"Proyecto ITSI"}}
{"__type":"$$EventMessageConfirm","confirm":"b34fb04f-08a8-4b58-b11e-faf7b55efa26","ts":"2025-12-28T06:29:01.727-05:00","source":{"id":"0","name":"eventBus"}}
{"__type":"$$EventMessageNode","id":"364f4e26-1f4e-4276-99c0-26cb64616da5","ts":"2025-12-28T06:29:01.729-05:00","eventName":"n8n.node.started","message":"n8n.node.started","payload":{"workflowId":"bWF48OWHKGgpaQpr","workflowName":"Proyecto ITSI","executionId":"608","nodeType":"n8n-nodes-base.switch","nodeName":"Switch","nodeId":"1c9cb01e-8c4b-49c1-a552-3afb7e34c563"}}
{"__type":"$$EventMessageConfirm","confirm":"364f4e26-1f4e-4276-99c0-26cb64616da5","ts":"2025-12-28T06:29:01.730-05:00","source":{"id":"0","name":"eventBus"}}
{"__type":"$$EventMessageNode","id":"ba0dccf5-0032-4a32-bef1-ee54a434055f","ts":"2025-12-28T06:29:01.773-05:00","eventName":"n8n.node.finished","message":"n8n.node.finished","payload":{"workflowId":"bWF48OWHKGgpaQpr","workflowName":"Proyecto ITSI","executionId":"608","nodeType":"n8n-nodes-base.switch","nodeName":"Switch","nodeId":"1c9cb01e-8c4b-49c1-a552-3afb7e34c563"}}
{"__type":"$$EventMessageConfirm","confirm":"ba0dccf5-0032-4a32-bef1-ee54a434055f","ts":"2025-12-28T06:29:01.773-05:00","source":{"id":"0","name":"eventBus"}}
{"__type":"$$EventMessageWorkflow","id":"d53d7c32-ed36-416e-8819-73e3dd02857e","ts":"2025-12-28T06:29:01.783-05:00","eventName":"n8n.workflow.success","message":"n8n.workflow.success","payload":{"userId":"320a3f0c-72cf-4854-85b0-40af06954d1d","executionId":"608","success":true,"isManual":true,"workflowId":"bWF48OWHKGgpaQpr","workflowName":"Proyecto ITSI"}}
{"__type":"$$EventMessageConfirm","confirm":"d53d7c32-ed36-416e-8819-73e3dd02857e","ts":"2025-12-28T06:29:01.784-05:00","source":{"id":"0","name":"eventBus"}}
{"__type":"$$EventMessageWorkflow","id":"194523d3-ba22-42b6-87de-5d7667526df3","ts":"2025-12-28T06:29:17.892-05:00","eventName":"n8n.workflow.started","message":"n8n.workflow.started","payload":{"executionId":"609","workflowId":"bWF48OWHKGgpaQpr","isManual":false,"workflowName":"Proyecto ITSI"}}
{"__type":"$$EventMessageConfirm","confirm":"194523d3-ba22-42b6-87de-5d7667526df3","ts":"2025-12-28T06:29:17.892-05:00","source":{"id":"0","name":"eventBus"}}
{"__type":"$$EventMessageNode","id":"1ee21415-89ae-406e-8837-2cc8ad0cf6b5","ts":"2025-12-28T06:29:17.894-05:00","eventName":"n8n.node.started","message":"n8n.node.started","payload":{"workflowId":"bWF48OWHKGgpaQpr","workflowName":"Proyecto ITSI","executionId":"609","nodeType":"n8n-nodes-base.gmailTrigger","nodeName":"Gmail Trigger","nodeId":"10713d14-856d-4b97-8b53-9cfe29fab342"}}
{"__type":"$$EventMessageConfirm","confirm":"1ee21415-89ae-406e-8837-2cc8ad0cf6b5","ts":"2025-12-28T06:29:17.894-05:00","source":{"id":"0","name":"eventBus"}}
{"__type":"$$EventMessageNode","id":"316c06e4-fbc3-4515-bc00-a7a7d195c209","ts":"2025-12-28T06:29:18.829-05:00","eventName":"n8n.node.finished","message":"n8n.node.finished","payload":{"workflowId":"bWF48OWHKGgpaQpr","workflowName":"Proyecto ITSI","executionId":"609","nodeType":"n8n-nodes-base.gmailTrigger","nodeName":"Gmail Trigger","nodeId":"10713d14-856d-4b97-8b53-9cfe29fab342"}}
{"__type":"$$EventMessageConfirm","confirm":"316c06e4-fbc3-4515-bc00-a7a7d195c209","ts":"2025-12-28T06:29:18.830-05:00","source":{"id":"0","name":"eventBus"}}
{"__type":"$$EventMessageNode","id":"83671e16-db1b-4cb1-a98d-82d0494ac14a","ts":"2025-12-28T06:29:18.830-05:00","eventName":"n8n.node.started","message":"n8n.node.started","payload":{"workflowId":"bWF48OWHKGgpaQpr","workflowName":"Proyecto ITSI","executionId":"609","nodeType":"@n8n/n8n-nodes-langchain.googleGemini","nodeName":"Message a model","nodeId":"9542e2fc-24b7-4fb1-8601-1ad86f37613f"}}
{"__type":"$$EventMessageConfirm","confirm":"83671e16-db1b-4cb1-a98d-82d0494ac14a","ts":"2025-12-28T06:29:18.830-05:00","source":{"id":"0","name":"eventBus"}}
{"__type":"$$EventMessageNode","id":"1f002d5d-1ecf-4e89-8a63-25b6f1f41983","ts":"2025-12-28T06:29:22.667-05:00","eventName":"n8n.node.finished","message":"n8n.node.finished","payload":{"workflowId":"bWF48OWHKGgpaQpr","workflowName":"Proyecto ITSI","executionId":"609","nodeType":"@n8n/n8n-nodes-langchain.googleGemini","nodeName":"Message a model","nodeId":"9542e2fc-24b7-4fb1-8601-1ad86f37613f"}}
{"__type":"$$EventMessageConfirm","confirm":"1f002d5d-1ecf-4e89-8a63-25b6f1f41983","ts":"2025-12-28T06:29:22.668-05:00","source":{"id":"0","name":"eventBus"}}
{"__type":"$$EventMessageNode","id":"357e5d61-ea80-4b00-b09e-a2a4eb17e8f5","ts":"2025-12-28T06:29:22.670-05:00","eventName":"n8n.node.started","message":"n8n.node.started","payload":{"workflowId":"bWF48OWHKGgpaQpr","workflowName":"Proyecto ITSI","executionId":"609","nodeType":"n8n-nodes-base.set","nodeName":"Edit Fields1","nodeId":"7d2ec8dd-8f9a-4a0f-adcc-d6a22c674061"}}
{"__type":"$$EventMessageConfirm","confirm":"357e5d61-ea80-4b00-b09e-a2a4eb17e8f5","ts":"2025-12-28T06:29:22.671-05:00","source":{"id":"0","name":"eventBus"}}
{"__type":"$$EventMessageNode","id":"b49cbea0-cf55-4d70-a852-da4c5a90afb3","ts":"2025-12-28T06:29:22.679-05:00","eventName":"n8n.node.finished","message":"n8n.node.finished","payload":{"workflowId":"bWF48OWHKGgpaQpr","workflowName":"Proyecto ITSI","executionId":"609","nodeType":"n8n-nodes-base.set","nodeName":"Edit Fields1","nodeId":"7d2ec8dd-8f9a-4a0f-adcc-d6a22c674061"}}
{"__type":"$$EventMessageConfirm","confirm":"b49cbea0-cf55-4d70-a852-da4c5a90afb3","ts":"2025-12-28T06:29:22.680-05:00","source":{"id":"0","name":"eventBus"}}
{"__type":"$$EventMessageNode","id":"7bf7c319-d53d-4e49-9726-eaf4f71a9f6b","ts":"2025-12-28T06:29:22.683-05:00","eventName":"n8n.node.started","message":"n8n.node.started","payload":{"workflowId":"bWF48OWHKGgpaQpr","workflowName":"Proyecto ITSI","executionId":"609","nodeType":"n8n-nodes-base.postgres","nodeName":"Execute a SQL query","nodeId":"a7d8b01a-13bb-4edc-9d69-2a15dcfa654e"}}
{"__type":"$$EventMessageConfirm","confirm":"7bf7c319-d53d-4e49-9726-eaf4f71a9f6b","ts":"2025-12-28T06:29:22.685-05:00","source":{"id":"0","name":"eventBus"}}
{"__type":"$$EventMessageNode","id":"6c70248b-d012-4f4b-a73a-65b8a11bf81e","ts":"2025-12-28T06:29:22.715-05:00","eventName":"n8n.node.finished","message":"n8n.node.finished","payload":{"workflowId":"bWF48OWHKGgpaQpr","workflowName":"Proyecto ITSI","executionId":"609","nodeType":"n8n-nodes-base.postgres","nodeName":"Execute a SQL query","nodeId":"a7d8b01a-13bb-4edc-9d69-2a15dcfa654e"}}
{"__type":"$$EventMessageConfirm","confirm":"6c70248b-d012-4f4b-a73a-65b8a11bf81e","ts":"2025-12-28T06:29:22.715-05:00","source":{"id":"0","name":"eventBus"}}
{"__type":"$$EventMessageNode","id":"46f97d8a-1f52-4694-bb2d-194ac05f0450","ts":"2025-12-28T06:29:22.716-05:00","eventName":"n8n.node.started","message":"n8n.node.started","payload":{"workflowId":"bWF48OWHKGgpaQpr","workflowName":"Proyecto ITSI","executionId":"609","nodeType":"n8n-nodes-base.if","nodeName":"If","nodeId":"c901c88a-ac87-4503-9609-80e74050f0cc"}}
{"__type":"$$EventMessageConfirm","confirm":"46f97d8a-1f52-4694-bb2d-194ac05f0450","ts":"2025-12-28T06:29:22.716-05:00","source":{"id":"0","name":"eventBus"}}
{"__type":"$$EventMessageNode","id":"2b33ccd0-0ca9-4c4a-8116-8d9bd5f363bc","ts":"2025-12-28T06:29:22.718-05:00","eventName":"n8n.node.finished","message":"n8n.node.finished","payload":{"workflowId":"bWF48OWHKGgpaQpr","workflowName":"Proyecto ITSI","executionId":"609","nodeType":"n8n-nodes-base.if","nodeName":"If","nodeId":"c901c88a-ac87-4503-9609-80e74050f0cc"}}
{"__type":"$$EventMessageConfirm","confirm":"2b33ccd0-0ca9-4c4a-8116-8d9bd5f363bc","ts":"2025-12-28T06:29:22.718-05:00","source":{"id":"0","name":"eventBus"}}
{"__type":"$$EventMessageNode","id":"d6923630-ca69-413d-baa5-dad1e355ebf0","ts":"2025-12-28T06:29:22.719-05:00","eventName":"n8n.node.started","message":"n8n.node.started","payload":{"workflowId":"bWF48OWHKGgpaQpr","workflowName":"Proyecto ITSI","executionId":"609","nodeType":"n8n-nodes-base.set","nodeName":"Edit Fields2","nodeId":"ddca281d-98d0-48aa-8b79-9bae94fd0f78"}}
{"__type":"$$EventMessageConfirm","confirm":"d6923630-ca69-413d-baa5-dad1e355ebf0","ts":"2025-12-28T06:29:22.720-05:00","source":{"id":"0","name":"eventBus"}}
{"__type":"$$EventMessageNode","id":"5e68910d-6cb3-4d91-b99d-fdfd2afb7ad7","ts":"2025-12-28T06:29:22.724-05:00","eventName":"n8n.node.finished","message":"n8n.node.finished","payload":{"workflowId":"bWF48OWHKGgpaQpr","workflowName":"Proyecto ITSI","executionId":"609","nodeType":"n8n-nodes-base.set","nodeName":"Edit Fields2","nodeId":"ddca281d-98d0-48aa-8b79-9bae94fd0f78"}}
{"__type":"$$EventMessageConfirm","confirm":"5e68910d-6cb3-4d91-b99d-fdfd2afb7ad7","ts":"2025-12-28T06:29:22.724-05:00","source":{"id":"0","name":"eventBus"}}
{"__type":"$$EventMessageNode","id":"d8d5ec09-1382-4a8f-a8bd-0ebf0dbc378b","ts":"2025-12-28T06:29:22.725-05:00","eventName":"n8n.node.started","message":"n8n.node.started","payload":{"workflowId":"bWF48OWHKGgpaQpr","workflowName":"Proyecto ITSI","executionId":"609","nodeType":"n8n-nodes-base.postgres","nodeName":"Insert rows in a table","nodeId":"dbe924f9-3e3d-4ad0-a8a2-0b1aba6f102e"}}
{"__type":"$$EventMessageConfirm","confirm":"d8d5ec09-1382-4a8f-a8bd-0ebf0dbc378b","ts":"2025-12-28T06:29:22.725-05:00","source":{"id":"0","name":"eventBus"}}
{"__type":"$$EventMessageNode","id":"71a4be0a-7daf-43b3-99a4-b388e4d46f8b","ts":"2025-12-28T06:29:22.755-05:00","eventName":"n8n.node.finished","message":"n8n.node.finished","payload":{"workflowId":"bWF48OWHKGgpaQpr","workflowName":"Proyecto ITSI","executionId":"609","nodeType":"n8n-nodes-base.postgres","nodeName":"Insert rows in a table","nodeId":"dbe924f9-3e3d-4ad0-a8a2-0b1aba6f102e"}}
{"__type":"$$EventMessageConfirm","confirm":"71a4be0a-7daf-43b3-99a4-b388e4d46f8b","ts":"2025-12-28T06:29:22.755-05:00","source":{"id":"0","name":"eventBus"}}
{"__type":"$$EventMessageNode","id":"d2b964c6-0116-4539-8c62-102e7bf9206b","ts":"2025-12-28T06:29:22.756-05:00","eventName":"n8n.node.started","message":"n8n.node.started","payload":{"workflowId":"bWF48OWHKGgpaQpr","workflowName":"Proyecto ITSI","executionId":"609","nodeType":"n8n-nodes-base.switch","nodeName":"Switch","nodeId":"1c9cb01e-8c4b-49c1-a552-3afb7e34c563"}}
{"__type":"$$EventMessageConfirm","confirm":"d2b964c6-0116-4539-8c62-102e7bf9206b","ts":"2025-12-28T06:29:22.756-05:00","source":{"id":"0","name":"eventBus"}}
{"__type":"$$EventMessageNode","id":"d9d37afe-c2a2-4640-816c-4bd71323e52f","ts":"2025-12-28T06:29:22.758-05:00","eventName":"n8n.node.finished","message":"n8n.node.finished","payload":{"workflowId":"bWF48OWHKGgpaQpr","workflowName":"Proyecto ITSI","executionId":"609","nodeType":"n8n-nodes-base.switch","nodeName":"Switch","nodeId":"1c9cb01e-8c4b-49c1-a552-3afb7e34c563"}}
{"__type":"$$EventMessageConfirm","confirm":"d9d37afe-c2a2-4640-816c-4bd71323e52f","ts":"2025-12-28T06:29:22.758-05:00","source":{"id":"0","name":"eventBus"}}
{"__type":"$$EventMessageNode","id":"c1c101e3-0052-415d-a3c8-d918f3f1642f","ts":"2025-12-28T06:29:22.759-05:00","eventName":"n8n.node.started","message":"n8n.node.started","payload":{"workflowId":"bWF48OWHKGgpaQpr","workflowName":"Proyecto ITSI","executionId":"609","nodeType":"n8n-nodes-base.rabbitmq","nodeName":"RabbitMQ","nodeId":"2853ef5d-b20d-42f9-ad1c-6db27b174d79"}}
{"__type":"$$EventMessageConfirm","confirm":"c1c101e3-0052-415d-a3c8-d918f3f1642f","ts":"2025-12-28T06:29:22.759-05:00","source":{"id":"0","name":"eventBus"}}
{"__type":"$$EventMessageWorkflow","id":"6503ab99-2bf1-4462-9b85-ee54e22a2681","ts":"2025-12-28T06:29:25.967-05:00","eventName":"n8n.workflow.failed","message":"n8n.workflow.failed","payload":{"userId":"320a3f0c-72cf-4854-85b0-40af06954d1d","executionId":"609","success":false,"isManual":true,"workflowId":"bWF48OWHKGgpaQpr","workflowName":"Proyecto ITSI","lastNodeExecuted":"Switch"}}
{"__type":"$$EventMessageConfirm","confirm":"6503ab99-2bf1-4462-9b85-ee54e22a2681","ts":"2025-12-28T06:29:25.968-05:00","source":{"id":"0","name":"eventBus"}}
{"__type":"$$EventMessageAudit","id":"d262f2e5-5afe-4305-96c2-4df7348211a6","ts":"2025-12-28T06:29:34.304-05:00","eventName":"n8n.audit.workflow.updated","message":"n8n.audit.workflow.updated","payload":{"userId":"320a3f0c-72cf-4854-85b0-40af06954d1d","_email":"eim344@inlumine.ual.es","_firstName":"Esther","_lastName":"Ibáñez Mingorance","globalRole":"global:owner","workflowId":"bWF48OWHKGgpaQpr","workflowName":"Proyecto ITSI"}}
{"__type":"$$EventMessageConfirm","confirm":"d262f2e5-5afe-4305-96c2-4df7348211a6","ts":"2025-12-28T06:29:34.305-05:00","source":{"id":"0","name":"eventBus"}}
{"__type":"$$EventMessageAudit","id":"e12a0029-6ad7-48df-ac8a-a845d876bcf4","ts":"2025-12-28T06:30:03.421-05:00","eventName":"n8n.audit.workflow.updated","message":"n8n.audit.workflow.updated","payload":{"userId":"320a3f0c-72cf-4854-85b0-40af06954d1d","_email":"eim344@inlumine.ual.es","_firstName":"Esther","_lastName":"Ibáñez Mingorance","globalRole":"global:owner","workflowId":"bWF48OWHKGgpaQpr","workflowName":"Proyecto ITSI"}}
{"__type":"$$EventMessageConfirm","confirm":"e12a0029-6ad7-48df-ac8a-a845d876bcf4","ts":"2025-12-28T06:30:03.421-05:00","source":{"id":"0","name":"eventBus"}}
{"__type":"$$EventMessageWorkflow","id":"b4a0537f-9d0a-4cc3-9f0f-ea011e892609","ts":"2025-12-28T06:30:04.818-05:00","eventName":"n8n.workflow.started","message":"n8n.workflow.started","payload":{"executionId":"610","workflowId":"bWF48OWHKGgpaQpr","isManual":false,"workflowName":"Proyecto ITSI"}}
{"__type":"$$EventMessageConfirm","confirm":"b4a0537f-9d0a-4cc3-9f0f-ea011e892609","ts":"2025-12-28T06:30:04.819-05:00","source":{"id":"0","name":"eventBus"}}
{"__type":"$$EventMessageNode","id":"4a94bdf1-e719-47fa-8e3f-6d3ad7b01e07","ts":"2025-12-28T06:30:04.819-05:00","eventName":"n8n.node.started","message":"n8n.node.started","payload":{"workflowId":"bWF48OWHKGgpaQpr","workflowName":"Proyecto ITSI","executionId":"610","nodeType":"n8n-nodes-base.gmailTrigger","nodeName":"Gmail Trigger","nodeId":"10713d14-856d-4b97-8b53-9cfe29fab342"}}
{"__type":"$$EventMessageConfirm","confirm":"4a94bdf1-e719-47fa-8e3f-6d3ad7b01e07","ts":"2025-12-28T06:30:04.819-05:00","source":{"id":"0","name":"eventBus"}}
{"__type":"$$EventMessageNode","id":"68b169bf-c586-48cc-b0d9-48d7e916ecb8","ts":"2025-12-28T06:30:05.783-05:00","eventName":"n8n.node.finished","message":"n8n.node.finished","payload":{"workflowId":"bWF48OWHKGgpaQpr","workflowName":"Proyecto ITSI","executionId":"610","nodeType":"n8n-nodes-base.gmailTrigger","nodeName":"Gmail Trigger","nodeId":"10713d14-856d-4b97-8b53-9cfe29fab342"}}
{"__type":"$$EventMessageConfirm","confirm":"68b169bf-c586-48cc-b0d9-48d7e916ecb8","ts":"2025-12-28T06:30:05.784-05:00","source":{"id":"0","name":"eventBus"}}
{"__type":"$$EventMessageNode","id":"8ae7ae7d-1753-4e45-a45b-938296d6134b","ts":"2025-12-28T06:30:05.784-05:00","eventName":"n8n.node.started","message":"n8n.node.started","payload":{"workflowId":"bWF48OWHKGgpaQpr","workflowName":"Proyecto ITSI","executionId":"610","nodeType":"@n8n/n8n-nodes-langchain.googleGemini","nodeName":"Message a model","nodeId":"9542e2fc-24b7-4fb1-8601-1ad86f37613f"}}
{"__type":"$$EventMessageConfirm","confirm":"8ae7ae7d-1753-4e45-a45b-938296d6134b","ts":"2025-12-28T06:30:05.784-05:00","source":{"id":"0","name":"eventBus"}}
{"__type":"$$EventMessageNode","id":"63f1cd0a-b7b8-44d7-8d1e-f2b3aac66e8d","ts":"2025-12-28T06:30:09.384-05:00","eventName":"n8n.node.finished","message":"n8n.node.finished","payload":{"workflowId":"bWF48OWHKGgpaQpr","workflowName":"Proyecto ITSI","executionId":"610","nodeType":"@n8n/n8n-nodes-langchain.googleGemini","nodeName":"Message a model","nodeId":"9542e2fc-24b7-4fb1-8601-1ad86f37613f"}}
{"__type":"$$EventMessageConfirm","confirm":"63f1cd0a-b7b8-44d7-8d1e-f2b3aac66e8d","ts":"2025-12-28T06:30:09.384-05:00","source":{"id":"0","name":"eventBus"}}
{"__type":"$$EventMessageNode","id":"c2e1c864-cd81-47c2-937b-b977a973ae13","ts":"2025-12-28T06:30:09.385-05:00","eventName":"n8n.node.started","message":"n8n.node.started","payload":{"workflowId":"bWF48OWHKGgpaQpr","workflowName":"Proyecto ITSI","executionId":"610","nodeType":"n8n-nodes-base.set","nodeName":"Edit Fields1","nodeId":"7d2ec8dd-8f9a-4a0f-adcc-d6a22c674061"}}
{"__type":"$$EventMessageConfirm","confirm":"c2e1c864-cd81-47c2-937b-b977a973ae13","ts":"2025-12-28T06:30:09.385-05:00","source":{"id":"0","name":"eventBus"}}
{"__type":"$$EventMessageNode","id":"b82e27bd-f483-4636-9c1a-1794d0611d89","ts":"2025-12-28T06:30:09.390-05:00","eventName":"n8n.node.finished","message":"n8n.node.finished","payload":{"workflowId":"bWF48OWHKGgpaQpr","workflowName":"Proyecto ITSI","executionId":"610","nodeType":"n8n-nodes-base.set","nodeName":"Edit Fields1","nodeId":"7d2ec8dd-8f9a-4a0f-adcc-d6a22c674061"}}
{"__type":"$$EventMessageConfirm","confirm":"b82e27bd-f483-4636-9c1a-1794d0611d89","ts":"2025-12-28T06:30:09.390-05:00","source":{"id":"0","name":"eventBus"}}
{"__type":"$$EventMessageNode","id":"e5e799cc-46b7-4145-803d-bc408ffdd6e7","ts":"2025-12-28T06:30:09.391-05:00","eventName":"n8n.node.started","message":"n8n.node.started","payload":{"workflowId":"bWF48OWHKGgpaQpr","workflowName":"Proyecto ITSI","executionId":"610","nodeType":"n8n-nodes-base.postgres","nodeName":"Execute a SQL query","nodeId":"a7d8b01a-13bb-4edc-9d69-2a15dcfa654e"}}
{"__type":"$$EventMessageConfirm","confirm":"e5e799cc-46b7-4145-803d-bc408ffdd6e7","ts":"2025-12-28T06:30:09.392-05:00","source":{"id":"0","name":"eventBus"}}
{"__type":"$$EventMessageNode","id":"ff15fb07-76bb-48bc-9076-bf81ab0ebfbd","ts":"2025-12-28T06:30:09.416-05:00","eventName":"n8n.node.finished","message":"n8n.node.finished","payload":{"workflowId":"bWF48OWHKGgpaQpr","workflowName":"Proyecto ITSI","executionId":"610","nodeType":"n8n-nodes-base.postgres","nodeName":"Execute a SQL query","nodeId":"a7d8b01a-13bb-4edc-9d69-2a15dcfa654e"}}
{"__type":"$$EventMessageConfirm","confirm":"ff15fb07-76bb-48bc-9076-bf81ab0ebfbd","ts":"2025-12-28T06:30:09.416-05:00","source":{"id":"0","name":"eventBus"}}
{"__type":"$$EventMessageNode","id":"54cc5bc9-f6e0-4036-a04b-11a9fa270dcb","ts":"2025-12-28T06:30:09.416-05:00","eventName":"n8n.node.started","message":"n8n.node.started","payload":{"workflowId":"bWF48OWHKGgpaQpr","workflowName":"Proyecto ITSI","executionId":"610","nodeType":"n8n-nodes-base.if","nodeName":"If","nodeId":"c901c88a-ac87-4503-9609-80e74050f0cc"}}
{"__type":"$$EventMessageConfirm","confirm":"54cc5bc9-f6e0-4036-a04b-11a9fa270dcb","ts":"2025-12-28T06:30:09.416-05:00","source":{"id":"0","name":"eventBus"}}
{"__type":"$$EventMessageNode","id":"e22d6750-b6ad-4c2d-a30f-76651e8acbc9","ts":"2025-12-28T06:30:09.418-05:00","eventName":"n8n.node.finished","message":"n8n.node.finished","payload":{"workflowId":"bWF48OWHKGgpaQpr","workflowName":"Proyecto ITSI","executionId":"610","nodeType":"n8n-nodes-base.if","nodeName":"If","nodeId":"c901c88a-ac87-4503-9609-80e74050f0cc"}}
{"__type":"$$EventMessageConfirm","confirm":"e22d6750-b6ad-4c2d-a30f-76651e8acbc9","ts":"2025-12-28T06:30:09.418-05:00","source":{"id":"0","name":"eventBus"}}
{"__type":"$$EventMessageNode","id":"949dc0e5-66e8-4606-a88f-0d6d115a7e1e","ts":"2025-12-28T06:30:09.419-05:00","eventName":"n8n.node.started","message":"n8n.node.started","payload":{"workflowId":"bWF48OWHKGgpaQpr","workflowName":"Proyecto ITSI","executionId":"610","nodeType":"n8n-nodes-base.set","nodeName":"Edit Fields2","nodeId":"ddca281d-98d0-48aa-8b79-9bae94fd0f78"}}
{"__type":"$$EventMessageConfirm","confirm":"949dc0e5-66e8-4606-a88f-0d6d115a7e1e","ts":"2025-12-28T06:30:09.419-05:00","source":{"id":"0","name":"eventBus"}}
{"__type":"$$EventMessageNode","id":"5678e0c4-8bcd-41f1-ae41-8b04ae2c30e1","ts":"2025-12-28T06:30:09.423-05:00","eventName":"n8n.node.finished","message":"n8n.node.finished","payload":{"workflowId":"bWF48OWHKGgpaQpr","workflowName":"Proyecto ITSI","executionId":"610","nodeType":"n8n-nodes-base.set","nodeName":"Edit Fields2","nodeId":"ddca281d-98d0-48aa-8b79-9bae94fd0f78"}}
{"__type":"$$EventMessageConfirm","confirm":"5678e0c4-8bcd-41f1-ae41-8b04ae2c30e1","ts":"2025-12-28T06:30:09.424-05:00","source":{"id":"0","name":"eventBus"}}
{"__type":"$$EventMessageNode","id":"9efa8dc3-1dec-4179-ae7e-77e9118776f0","ts":"2025-12-28T06:30:09.425-05:00","eventName":"n8n.node.started","message":"n8n.node.started","payload":{"workflowId":"bWF48OWHKGgpaQpr","workflowName":"Proyecto ITSI","executionId":"610","nodeType":"n8n-nodes-base.postgres","nodeName":"Insert rows in a table","nodeId":"dbe924f9-3e3d-4ad0-a8a2-0b1aba6f102e"}}
{"__type":"$$EventMessageConfirm","confirm":"9efa8dc3-1dec-4179-ae7e-77e9118776f0","ts":"2025-12-28T06:30:09.425-05:00","source":{"id":"0","name":"eventBus"}}
{"__type":"$$EventMessageNode","id":"d2f23dd7-1dba-4f87-9bea-84e00a780c31","ts":"2025-12-28T06:30:09.459-05:00","eventName":"n8n.node.finished","message":"n8n.node.finished","payload":{"workflowId":"bWF48OWHKGgpaQpr","workflowName":"Proyecto ITSI","executionId":"610","nodeType":"n8n-nodes-base.postgres","nodeName":"Insert rows in a table","nodeId":"dbe924f9-3e3d-4ad0-a8a2-0b1aba6f102e"}}
{"__type":"$$EventMessageConfirm","confirm":"d2f23dd7-1dba-4f87-9bea-84e00a780c31","ts":"2025-12-28T06:30:09.459-05:00","source":{"id":"0","name":"eventBus"}}
{"__type":"$$EventMessageNode","id":"04fb45d3-d51e-435e-8ee0-163990cd6480","ts":"2025-12-28T06:30:09.460-05:00","eventName":"n8n.node.started","message":"n8n.node.started","payload":{"workflowId":"bWF48OWHKGgpaQpr","workflowName":"Proyecto ITSI","executionId":"610","nodeType":"n8n-nodes-base.switch","nodeName":"Switch","nodeId":"1c9cb01e-8c4b-49c1-a552-3afb7e34c563"}}
{"__type":"$$EventMessageConfirm","confirm":"04fb45d3-d51e-435e-8ee0-163990cd6480","ts":"2025-12-28T06:30:09.460-05:00","source":{"id":"0","name":"eventBus"}}
{"__type":"$$EventMessageNode","id":"492362f6-3f94-4b11-96e7-e579af60a12e","ts":"2025-12-28T06:30:09.463-05:00","eventName":"n8n.node.finished","message":"n8n.node.finished","payload":{"workflowId":"bWF48OWHKGgpaQpr","workflowName":"Proyecto ITSI","executionId":"610","nodeType":"n8n-nodes-base.switch","nodeName":"Switch","nodeId":"1c9cb01e-8c4b-49c1-a552-3afb7e34c563"}}
{"__type":"$$EventMessageConfirm","confirm":"492362f6-3f94-4b11-96e7-e579af60a12e","ts":"2025-12-28T06:30:09.463-05:00","source":{"id":"0","name":"eventBus"}}
{"__type":"$$EventMessageNode","id":"d0184689-7603-438e-aa37-f6fa8345de5f","ts":"2025-12-28T06:30:09.463-05:00","eventName":"n8n.node.started","message":"n8n.node.started","payload":{"workflowId":"bWF48OWHKGgpaQpr","workflowName":"Proyecto ITSI","executionId":"610","nodeType":"n8n-nodes-base.rabbitmq","nodeName":"RabbitMQ1","nodeId":"fa41be98-5726-4e09-a668-22225bce0c23"}}
{"__type":"$$EventMessageConfirm","confirm":"d0184689-7603-438e-aa37-f6fa8345de5f","ts":"2025-12-28T06:30:09.463-05:00","source":{"id":"0","name":"eventBus"}}
{"__type":"$$EventMessageNode","id":"5abc2705-ff06-42f1-887e-3e1224800596","ts":"2025-12-28T06:30:14.472-05:00","eventName":"n8n.node.finished","message":"n8n.node.finished","payload":{"workflowId":"bWF48OWHKGgpaQpr","workflowName":"Proyecto ITSI","executionId":"610","nodeType":"n8n-nodes-base.rabbitmq","nodeName":"RabbitMQ1","nodeId":"fa41be98-5726-4e09-a668-22225bce0c23"}}
{"__type":"$$EventMessageConfirm","confirm":"5abc2705-ff06-42f1-887e-3e1224800596","ts":"2025-12-28T06:30:14.472-05:00","source":{"id":"0","name":"eventBus"}}
{"__type":"$$EventMessageWorkflow","id":"d42347da-01dd-4f3b-9d99-3b9abcc3476b","ts":"2025-12-28T06:30:14.476-05:00","eventName":"n8n.workflow.failed","message":"n8n.workflow.failed","payload":{"userId":"320a3f0c-72cf-4854-85b0-40af06954d1d","executionId":"610","success":false,"isManual":true,"workflowId":"bWF48OWHKGgpaQpr","workflowName":"Proyecto ITSI","lastNodeExecuted":"RabbitMQ1","errorMessage":"getaddrinfo EAI_AGAIN mq"}}
{"__type":"$$EventMessageConfirm","confirm":"d42347da-01dd-4f3b-9d99-3b9abcc3476b","ts":"2025-12-28T06:30:14.476-05:00","source":{"id":"0","name":"eventBus"}}
{"__type":"$$EventMessageWorkflow","id":"e30bf656-954b-4d9b-b5fb-f2b8a000196b","ts":"2025-12-28T06:32:33.074-05:00","eventName":"n8n.workflow.started","message":"n8n.workflow.started","payload":{"executionId":"611","workflowId":"bWF48OWHKGgpaQpr","isManual":false,"workflowName":"Proyecto ITSI"}}
{"__type":"$$EventMessageConfirm","confirm":"e30bf656-954b-4d9b-b5fb-f2b8a000196b","ts":"2025-12-28T06:32:33.075-05:00","source":{"id":"0","name":"eventBus"}}
{"__type":"$$EventMessageNode","id":"430f8884-3e3f-4607-8267-d326b6750cae","ts":"2025-12-28T06:32:33.075-05:00","eventName":"n8n.node.started","message":"n8n.node.started","payload":{"workflowId":"bWF48OWHKGgpaQpr","workflowName":"Proyecto ITSI","executionId":"611","nodeType":"n8n-nodes-base.gmailTrigger","nodeName":"Gmail Trigger","nodeId":"10713d14-856d-4b97-8b53-9cfe29fab342"}}
{"__type":"$$EventMessageConfirm","confirm":"430f8884-3e3f-4607-8267-d326b6750cae","ts":"2025-12-28T06:32:33.075-05:00","source":{"id":"0","name":"eventBus"}}
{"__type":"$$EventMessageNode","id":"d83a54ca-9a5b-4e0a-8def-fab045210d53","ts":"2025-12-28T06:32:34.669-05:00","eventName":"n8n.node.finished","message":"n8n.node.finished","payload":{"workflowId":"bWF48OWHKGgpaQpr","workflowName":"Proyecto ITSI","executionId":"611","nodeType":"n8n-nodes-base.gmailTrigger","nodeName":"Gmail Trigger","nodeId":"10713d14-856d-4b97-8b53-9cfe29fab342"}}
{"__type":"$$EventMessageConfirm","confirm":"d83a54ca-9a5b-4e0a-8def-fab045210d53","ts":"2025-12-28T06:32:34.670-05:00","source":{"id":"0","name":"eventBus"}}
{"__type":"$$EventMessageNode","id":"827ab8bd-451f-441c-bc32-bd1fffa42af2","ts":"2025-12-28T06:32:34.671-05:00","eventName":"n8n.node.started","message":"n8n.node.started","payload":{"workflowId":"bWF48OWHKGgpaQpr","workflowName":"Proyecto ITSI","executionId":"611","nodeType":"@n8n/n8n-nodes-langchain.googleGemini","nodeName":"Message a model","nodeId":"9542e2fc-24b7-4fb1-8601-1ad86f37613f"}}
{"__type":"$$EventMessageConfirm","confirm":"827ab8bd-451f-441c-bc32-bd1fffa42af2","ts":"2025-12-28T06:32:34.671-05:00","source":{"id":"0","name":"eventBus"}}
{"__type":"$$EventMessageNode","id":"9c6c4576-21c4-42f2-bacd-dbd29190f08d","ts":"2025-12-28T06:32:35.066-05:00","eventName":"n8n.node.finished","message":"n8n.node.finished","payload":{"workflowId":"bWF48OWHKGgpaQpr","workflowName":"Proyecto ITSI","executionId":"611","nodeType":"@n8n/n8n-nodes-langchain.googleGemini","nodeName":"Message a model","nodeId":"9542e2fc-24b7-4fb1-8601-1ad86f37613f"}}
{"__type":"$$EventMessageConfirm","confirm":"9c6c4576-21c4-42f2-bacd-dbd29190f08d","ts":"2025-12-28T06:32:35.066-05:00","source":{"id":"0","name":"eventBus"}}
{"__type":"$$EventMessageWorkflow","id":"eaf7a221-e326-47c9-a628-b6058a1e198d","ts":"2025-12-28T06:32:35.073-05:00","eventName":"n8n.workflow.failed","message":"n8n.workflow.failed","payload":{"userId":"320a3f0c-72cf-4854-85b0-40af06954d1d","executionId":"611","success":false,"isManual":true,"workflowId":"bWF48OWHKGgpaQpr","workflowName":"Proyecto ITSI","lastNodeExecuted":"Message a model","errorNodeType":"@n8n/n8n-nodes-langchain.googleGemini","errorMessage":"The service is receiving too many requests from you"}}
{"__type":"$$EventMessageConfirm","confirm":"eaf7a221-e326-47c9-a628-b6058a1e198d","ts":"2025-12-28T06:32:35.073-05:00","source":{"id":"0","name":"eventBus"}}
{"__type":"$$EventMessageWorkflow","id":"7fc158b0-faff-4e38-b960-f83c57c7d71a","ts":"2025-12-28T06:32:47.910-05:00","eventName":"n8n.workflow.started","message":"n8n.workflow.started","payload":{"executionId":"612","workflowId":"bWF48OWHKGgpaQpr","isManual":false,"workflowName":"Proyecto ITSI"}}
{"__type":"$$EventMessageConfirm","confirm":"7fc158b0-faff-4e38-b960-f83c57c7d71a","ts":"2025-12-28T06:32:47.910-05:00","source":{"id":"0","name":"eventBus"}}
{"__type":"$$EventMessageNode","id":"6c25bbc1-85c8-4735-bac6-db28c83d94c4","ts":"2025-12-28T06:32:47.911-05:00","eventName":"n8n.node.started","message":"n8n.node.started","payload":{"workflowId":"bWF48OWHKGgpaQpr","workflowName":"Proyecto ITSI","executionId":"612","nodeType":"n8n-nodes-base.gmailTrigger","nodeName":"Gmail Trigger","nodeId":"10713d14-856d-4b97-8b53-9cfe29fab342"}}
{"__type":"$$EventMessageConfirm","confirm":"6c25bbc1-85c8-4735-bac6-db28c83d94c4","ts":"2025-12-28T06:32:47.911-05:00","source":{"id":"0","name":"eventBus"}}
{"__type":"$$EventMessageNode","id":"a627df6a-d1e6-4685-aca2-3b5ab12b8c72","ts":"2025-12-28T06:32:48.908-05:00","eventName":"n8n.node.finished","message":"n8n.node.finished","payload":{"workflowId":"bWF48OWHKGgpaQpr","workflowName":"Proyecto ITSI","executionId":"612","nodeType":"n8n-nodes-base.gmailTrigger","nodeName":"Gmail Trigger","nodeId":"10713d14-856d-4b97-8b53-9cfe29fab342"}}
{"__type":"$$EventMessageConfirm","confirm":"a627df6a-d1e6-4685-aca2-3b5ab12b8c72","ts":"2025-12-28T06:32:48.908-05:00","source":{"id":"0","name":"eventBus"}}
{"__type":"$$EventMessageNode","id":"1c39af0c-a736-4568-a70e-ffd4fc76dbb7","ts":"2025-12-28T06:32:48.908-05:00","eventName":"n8n.node.started","message":"n8n.node.started","payload":{"workflowId":"bWF48OWHKGgpaQpr","workflowName":"Proyecto ITSI","executionId":"612","nodeType":"@n8n/n8n-nodes-langchain.googleGemini","nodeName":"Message a model","nodeId":"9542e2fc-24b7-4fb1-8601-1ad86f37613f"}}
{"__type":"$$EventMessageConfirm","confirm":"1c39af0c-a736-4568-a70e-ffd4fc76dbb7","ts":"2025-12-28T06:32:48.909-05:00","source":{"id":"0","name":"eventBus"}}
{"__type":"$$EventMessageNode","id":"23e052ea-39bf-42f9-ab4f-b810e2eecc1a","ts":"2025-12-28T06:32:49.188-05:00","eventName":"n8n.node.finished","message":"n8n.node.finished","payload":{"workflowId":"bWF48OWHKGgpaQpr","workflowName":"Proyecto ITSI","executionId":"612","nodeType":"@n8n/n8n-nodes-langchain.googleGemini","nodeName":"Message a model","nodeId":"9542e2fc-24b7-4fb1-8601-1ad86f37613f"}}
{"__type":"$$EventMessageConfirm","confirm":"23e052ea-39bf-42f9-ab4f-b810e2eecc1a","ts":"2025-12-28T06:32:49.188-05:00","source":{"id":"0","name":"eventBus"}}
{"__type":"$$EventMessageWorkflow","id":"d67cb6ce-183e-4c18-90b3-804fa4d35025","ts":"2025-12-28T06:32:49.192-05:00","eventName":"n8n.workflow.failed","message":"n8n.workflow.failed","payload":{"userId":"320a3f0c-72cf-4854-85b0-40af06954d1d","executionId":"612","success":false,"isManual":true,"workflowId":"bWF48OWHKGgpaQpr","workflowName":"Proyecto ITSI","lastNodeExecuted":"Message a model","errorNodeType":"@n8n/n8n-nodes-langchain.googleGemini","errorMessage":"The service is receiving too many requests from you"}}
{"__type":"$$EventMessageConfirm","confirm":"d67cb6ce-183e-4c18-90b3-804fa4d35025","ts":"2025-12-28T06:32:49.192-05:00","source":{"id":"0","name":"eventBus"}}
{"__type":"$$EventMessageAudit","id":"0bdaa1f4-844a-422e-9b07-eb9a077ea08d","ts":"2025-12-28T06:35:32.545-05:00","eventName":"n8n.audit.user.credentials.created","message":"n8n.audit.user.credentials.created","payload":{"userId":"320a3f0c-72cf-4854-85b0-40af06954d1d","_email":"eim344@inlumine.ual.es","_firstName":"Esther","_lastName":"Ibáñez Mingorance","globalRole":"global:owner","credentialType":"googlePalmApi","credentialId":"Yo5NJ0GLxybZcWh6","publicApi":false,"projectId":"ye2qrwB1OPSkKmuz","projectType":"personal"}}
{"__type":"$$EventMessageConfirm","confirm":"0bdaa1f4-844a-422e-9b07-eb9a077ea08d","ts":"2025-12-28T06:35:32.545-05:00","source":{"id":"0","name":"eventBus"}}
{"__type":"$$EventMessageWorkflow","id":"ebccbcc1-2801-48f9-9002-053f9fbf4600","ts":"2025-12-28T06:35:38.779-05:00","eventName":"n8n.workflow.started","message":"n8n.workflow.started","payload":{"executionId":"613","workflowId":"bWF48OWHKGgpaQpr","isManual":false,"workflowName":"Proyecto ITSI"}}
{"__type":"$$EventMessageConfirm","confirm":"ebccbcc1-2801-48f9-9002-053f9fbf4600","ts":"2025-12-28T06:35:38.779-05:00","source":{"id":"0","name":"eventBus"}}
{"__type":"$$EventMessageNode","id":"26cc7f0f-01d9-4242-aa28-ebe317c6fb79","ts":"2025-12-28T06:35:38.780-05:00","eventName":"n8n.node.started","message":"n8n.node.started","payload":{"workflowId":"bWF48OWHKGgpaQpr","workflowName":"Proyecto ITSI","executionId":"613","nodeType":"n8n-nodes-base.gmailTrigger","nodeName":"Gmail Trigger","nodeId":"10713d14-856d-4b97-8b53-9cfe29fab342"}}
{"__type":"$$EventMessageConfirm","confirm":"26cc7f0f-01d9-4242-aa28-ebe317c6fb79","ts":"2025-12-28T06:35:38.780-05:00","source":{"id":"0","name":"eventBus"}}
{"__type":"$$EventMessageNode","id":"9701f73b-3a2a-4103-bf7b-25bf02f4c90a","ts":"2025-12-28T06:35:39.762-05:00","eventName":"n8n.node.finished","message":"n8n.node.finished","payload":{"workflowId":"bWF48OWHKGgpaQpr","workflowName":"Proyecto ITSI","executionId":"613","nodeType":"n8n-nodes-base.gmailTrigger","nodeName":"Gmail Trigger","nodeId":"10713d14-856d-4b97-8b53-9cfe29fab342"}}
{"__type":"$$EventMessageConfirm","confirm":"9701f73b-3a2a-4103-bf7b-25bf02f4c90a","ts":"2025-12-28T06:35:39.762-05:00","source":{"id":"0","name":"eventBus"}}
{"__type":"$$EventMessageNode","id":"b63fc478-abac-4f73-a959-5e88959d2170","ts":"2025-12-28T06:35:39.764-05:00","eventName":"n8n.node.started","message":"n8n.node.started","payload":{"workflowId":"bWF48OWHKGgpaQpr","workflowName":"Proyecto ITSI","executionId":"613","nodeType":"@n8n/n8n-nodes-langchain.googleGemini","nodeName":"Message a model","nodeId":"9542e2fc-24b7-4fb1-8601-1ad86f37613f"}}
{"__type":"$$EventMessageConfirm","confirm":"b63fc478-abac-4f73-a959-5e88959d2170","ts":"2025-12-28T06:35:39.765-05:00","source":{"id":"0","name":"eventBus"}}
{"__type":"$$EventMessageNode","id":"e62f2399-ad6e-4b66-bbc2-99cbd75841e3","ts":"2025-12-28T06:35:42.775-05:00","eventName":"n8n.node.finished","message":"n8n.node.finished","payload":{"workflowId":"bWF48OWHKGgpaQpr","workflowName":"Proyecto ITSI","executionId":"613","nodeType":"@n8n/n8n-nodes-langchain.googleGemini","nodeName":"Message a model","nodeId":"9542e2fc-24b7-4fb1-8601-1ad86f37613f"}}
{"__type":"$$EventMessageConfirm","confirm":"e62f2399-ad6e-4b66-bbc2-99cbd75841e3","ts":"2025-12-28T06:35:42.775-05:00","source":{"id":"0","name":"eventBus"}}
{"__type":"$$EventMessageNode","id":"86dbbea1-a8cf-459a-9d5c-101a965151ab","ts":"2025-12-28T06:35:42.776-05:00","eventName":"n8n.node.started","message":"n8n.node.started","payload":{"workflowId":"bWF48OWHKGgpaQpr","workflowName":"Proyecto ITSI","executionId":"613","nodeType":"n8n-nodes-base.set","nodeName":"Edit Fields1","nodeId":"7d2ec8dd-8f9a-4a0f-adcc-d6a22c674061"}}
{"__type":"$$EventMessageConfirm","confirm":"86dbbea1-a8cf-459a-9d5c-101a965151ab","ts":"2025-12-28T06:35:42.776-05:00","source":{"id":"0","name":"eventBus"}}
{"__type":"$$EventMessageNode","id":"5addcf80-4165-48d3-8d9b-c0f54c570893","ts":"2025-12-28T06:35:42.784-05:00","eventName":"n8n.node.finished","message":"n8n.node.finished","payload":{"workflowId":"bWF48OWHKGgpaQpr","workflowName":"Proyecto ITSI","executionId":"613","nodeType":"n8n-nodes-base.set","nodeName":"Edit Fields1","nodeId":"7d2ec8dd-8f9a-4a0f-adcc-d6a22c674061"}}
{"__type":"$$EventMessageConfirm","confirm":"5addcf80-4165-48d3-8d9b-c0f54c570893","ts":"2025-12-28T06:35:42.784-05:00","source":{"id":"0","name":"eventBus"}}
{"__type":"$$EventMessageNode","id":"0a86d93f-ed7f-4a38-afd0-639a5b1132af","ts":"2025-12-28T06:35:42.785-05:00","eventName":"n8n.node.started","message":"n8n.node.started","payload":{"workflowId":"bWF48OWHKGgpaQpr","workflowName":"Proyecto ITSI","executionId":"613","nodeType":"n8n-nodes-base.postgres","nodeName":"Execute a SQL query","nodeId":"a7d8b01a-13bb-4edc-9d69-2a15dcfa654e"}}
{"__type":"$$EventMessageConfirm","confirm":"0a86d93f-ed7f-4a38-afd0-639a5b1132af","ts":"2025-12-28T06:35:42.785-05:00","source":{"id":"0","name":"eventBus"}}
{"__type":"$$EventMessageNode","id":"fd96a3b1-b256-40e4-b2b9-b6768a9a936f","ts":"2025-12-28T06:35:42.817-05:00","eventName":"n8n.node.finished","message":"n8n.node.finished","payload":{"workflowId":"bWF48OWHKGgpaQpr","workflowName":"Proyecto ITSI","executionId":"613","nodeType":"n8n-nodes-base.postgres","nodeName":"Execute a SQL query","nodeId":"a7d8b01a-13bb-4edc-9d69-2a15dcfa654e"}}
{"__type":"$$EventMessageConfirm","confirm":"fd96a3b1-b256-40e4-b2b9-b6768a9a936f","ts":"2025-12-28T06:35:42.817-05:00","source":{"id":"0","name":"eventBus"}}
{"__type":"$$EventMessageNode","id":"9651f2d6-86c0-402e-a7ff-9d653521025c","ts":"2025-12-28T06:35:42.818-05:00","eventName":"n8n.node.started","message":"n8n.node.started","payload":{"workflowId":"bWF48OWHKGgpaQpr","workflowName":"Proyecto ITSI","executionId":"613","nodeType":"n8n-nodes-base.if","nodeName":"If","nodeId":"c901c88a-ac87-4503-9609-80e74050f0cc"}}
{"__type":"$$EventMessageConfirm","confirm":"9651f2d6-86c0-402e-a7ff-9d653521025c","ts":"2025-12-28T06:35:42.818-05:00","source":{"id":"0","name":"eventBus"}}
{"__type":"$$EventMessageNode","id":"d6589ab1-20a7-4e4a-9b83-d8f69902fe6d","ts":"2025-12-28T06:35:42.820-05:00","eventName":"n8n.node.finished","message":"n8n.node.finished","payload":{"workflowId":"bWF48OWHKGgpaQpr","workflowName":"Proyecto ITSI","executionId":"613","nodeType":"n8n-nodes-base.if","nodeName":"If","nodeId":"c901c88a-ac87-4503-9609-80e74050f0cc"}}
{"__type":"$$EventMessageConfirm","confirm":"d6589ab1-20a7-4e4a-9b83-d8f69902fe6d","ts":"2025-12-28T06:35:42.820-05:00","source":{"id":"0","name":"eventBus"}}
{"__type":"$$EventMessageNode","id":"c32342df-ebab-4be6-babd-a9c61ff58062","ts":"2025-12-28T06:35:42.820-05:00","eventName":"n8n.node.started","message":"n8n.node.started","payload":{"workflowId":"bWF48OWHKGgpaQpr","workflowName":"Proyecto ITSI","executionId":"613","nodeType":"n8n-nodes-base.set","nodeName":"Edit Fields2","nodeId":"ddca281d-98d0-48aa-8b79-9bae94fd0f78"}}
{"__type":"$$EventMessageConfirm","confirm":"c32342df-ebab-4be6-babd-a9c61ff58062","ts":"2025-12-28T06:35:42.821-05:00","source":{"id":"0","name":"eventBus"}}
{"__type":"$$EventMessageNode","id":"d3690e4a-a8ca-4e19-b072-e18657f08d08","ts":"2025-12-28T06:35:42.824-05:00","eventName":"n8n.node.finished","message":"n8n.node.finished","payload":{"workflowId":"bWF48OWHKGgpaQpr","workflowName":"Proyecto ITSI","executionId":"613","nodeType":"n8n-nodes-base.set","nodeName":"Edit Fields2","nodeId":"ddca281d-98d0-48aa-8b79-9bae94fd0f78"}}
{"__type":"$$EventMessageConfirm","confirm":"d3690e4a-a8ca-4e19-b072-e18657f08d08","ts":"2025-12-28T06:35:42.825-05:00","source":{"id":"0","name":"eventBus"}}
{"__type":"$$EventMessageNode","id":"e83f44b3-0e86-464d-822a-ba568e652d4c","ts":"2025-12-28T06:35:42.826-05:00","eventName":"n8n.node.started","message":"n8n.node.started","payload":{"workflowId":"bWF48OWHKGgpaQpr","workflowName":"Proyecto ITSI","executionId":"613","nodeType":"n8n-nodes-base.postgres","nodeName":"Insert rows in a table","nodeId":"dbe924f9-3e3d-4ad0-a8a2-0b1aba6f102e"}}
{"__type":"$$EventMessageConfirm","confirm":"e83f44b3-0e86-464d-822a-ba568e652d4c","ts":"2025-12-28T06:35:42.826-05:00","source":{"id":"0","name":"eventBus"}}
{"__type":"$$EventMessageNode","id":"4f37e357-6078-4737-8716-9afc4f57a911","ts":"2025-12-28T06:35:42.871-05:00","eventName":"n8n.node.finished","message":"n8n.node.finished","payload":{"workflowId":"bWF48OWHKGgpaQpr","workflowName":"Proyecto ITSI","executionId":"613","nodeType":"n8n-nodes-base.postgres","nodeName":"Insert rows in a table","nodeId":"dbe924f9-3e3d-4ad0-a8a2-0b1aba6f102e"}}
{"__type":"$$EventMessageConfirm","confirm":"4f37e357-6078-4737-8716-9afc4f57a911","ts":"2025-12-28T06:35:42.871-05:00","source":{"id":"0","name":"eventBus"}}
{"__type":"$$EventMessageNode","id":"960f2fb1-b940-4f43-ab57-1afb9e64e8d0","ts":"2025-12-28T06:35:42.872-05:00","eventName":"n8n.node.started","message":"n8n.node.started","payload":{"workflowId":"bWF48OWHKGgpaQpr","workflowName":"Proyecto ITSI","executionId":"613","nodeType":"n8n-nodes-base.switch","nodeName":"Switch","nodeId":"1c9cb01e-8c4b-49c1-a552-3afb7e34c563"}}
{"__type":"$$EventMessageConfirm","confirm":"960f2fb1-b940-4f43-ab57-1afb9e64e8d0","ts":"2025-12-28T06:35:42.872-05:00","source":{"id":"0","name":"eventBus"}}
{"__type":"$$EventMessageNode","id":"37d7e9fb-37fa-4cfa-9e3c-f4d805465e5f","ts":"2025-12-28T06:35:42.890-05:00","eventName":"n8n.node.finished","message":"n8n.node.finished","payload":{"workflowId":"bWF48OWHKGgpaQpr","workflowName":"Proyecto ITSI","executionId":"613","nodeType":"n8n-nodes-base.switch","nodeName":"Switch","nodeId":"1c9cb01e-8c4b-49c1-a552-3afb7e34c563"}}
{"__type":"$$EventMessageConfirm","confirm":"37d7e9fb-37fa-4cfa-9e3c-f4d805465e5f","ts":"2025-12-28T06:35:42.891-05:00","source":{"id":"0","name":"eventBus"}}
{"__type":"$$EventMessageNode","id":"ff4adf64-ab20-4eaf-aa68-28d9ca08a2df","ts":"2025-12-28T06:35:42.894-05:00","eventName":"n8n.node.started","message":"n8n.node.started","payload":{"workflowId":"bWF48OWHKGgpaQpr","workflowName":"Proyecto ITSI","executionId":"613","nodeType":"n8n-nodes-base.rabbitmq","nodeName":"RabbitMQ1","nodeId":"fa41be98-5726-4e09-a668-22225bce0c23"}}
{"__type":"$$EventMessageConfirm","confirm":"ff4adf64-ab20-4eaf-aa68-28d9ca08a2df","ts":"2025-12-28T06:35:42.898-05:00","source":{"id":"0","name":"eventBus"}}
{"__type":"$$EventMessageNode","id":"039d46a5-03a6-4a6e-9cfd-5561e0499cd6","ts":"2025-12-28T06:35:43.061-05:00","eventName":"n8n.node.finished","message":"n8n.node.finished","payload":{"workflowId":"bWF48OWHKGgpaQpr","workflowName":"Proyecto ITSI","executionId":"613","nodeType":"n8n-nodes-base.rabbitmq","nodeName":"RabbitMQ1","nodeId":"fa41be98-5726-4e09-a668-22225bce0c23"}}
{"__type":"$$EventMessageConfirm","confirm":"039d46a5-03a6-4a6e-9cfd-5561e0499cd6","ts":"2025-12-28T06:35:43.061-05:00","source":{"id":"0","name":"eventBus"}}
{"__type":"$$EventMessageNode","id":"58b25abd-5379-4bab-b7ae-68855ff18f03","ts":"2025-12-28T06:35:43.065-05:00","eventName":"n8n.node.started","message":"n8n.node.started","payload":{"workflowId":"bWF48OWHKGgpaQpr","workflowName":"Proyecto ITSI","executionId":"613","nodeType":"n8n-nodes-base.merge","nodeName":"Merge","nodeId":"a81a74e1-b293-4e5a-9029-dd939bc41194"}}
{"__type":"$$EventMessageConfirm","confirm":"58b25abd-5379-4bab-b7ae-68855ff18f03","ts":"2025-12-28T06:35:43.065-05:00","source":{"id":"0","name":"eventBus"}}
{"__type":"$$EventMessageNode","id":"6dbd1888-305d-4f1f-a5d9-fec81a58204b","ts":"2025-12-28T06:35:43.087-05:00","eventName":"n8n.node.finished","message":"n8n.node.finished","payload":{"workflowId":"bWF48OWHKGgpaQpr","workflowName":"Proyecto ITSI","executionId":"613","nodeType":"n8n-nodes-base.merge","nodeName":"Merge","nodeId":"a81a74e1-b293-4e5a-9029-dd939bc41194"}}
{"__type":"$$EventMessageConfirm","confirm":"6dbd1888-305d-4f1f-a5d9-fec81a58204b","ts":"2025-12-28T06:35:43.087-05:00","source":{"id":"0","name":"eventBus"}}
{"__type":"$$EventMessageNode","id":"fc9e7bb3-e365-4212-b2c3-408f978dc567","ts":"2025-12-28T06:35:43.088-05:00","eventName":"n8n.node.started","message":"n8n.node.started","payload":{"workflowId":"bWF48OWHKGgpaQpr","workflowName":"Proyecto ITSI","executionId":"613","nodeType":"n8n-nodes-base.executeWorkflow","nodeName":"Call 'Sub-flujo: Notificar Cliente'","nodeId":"ed356c56-0f3e-45d4-9e88-c7cddcdbf041"}}
{"__type":"$$EventMessageConfirm","confirm":"fc9e7bb3-e365-4212-b2c3-408f978dc567","ts":"2025-12-28T06:35:43.088-05:00","source":{"id":"0","name":"eventBus"}}
{"__type":"$$EventMessageWorkflow","id":"be8a505d-7ece-4c5f-985d-f810e61af492","ts":"2025-12-28T06:35:43.367-05:00","eventName":"n8n.workflow.started","message":"n8n.workflow.started","payload":{"executionId":"614","workflowId":"AoZcm6aV9HfMQcdz","isManual":false,"workflowName":"Sub-flujo: Notificar Cliente"}}
{"__type":"$$EventMessageConfirm","confirm":"be8a505d-7ece-4c5f-985d-f810e61af492","ts":"2025-12-28T06:35:43.367-05:00","source":{"id":"0","name":"eventBus"}}
{"__type":"$$EventMessageNode","id":"6e1dbb47-9448-4a2d-bf50-ef4f815e96e8","ts":"2025-12-28T06:35:43.368-05:00","eventName":"n8n.node.started","message":"n8n.node.started","payload":{"workflowId":"AoZcm6aV9HfMQcdz","workflowName":"Sub-flujo: Notificar Cliente","executionId":"614","nodeType":"n8n-nodes-base.executeWorkflowTrigger","nodeName":"When Executed by Another Workflow","nodeId":"3dd51426-6bd0-4529-82b9-babb26538611"}}
{"__type":"$$EventMessageConfirm","confirm":"6e1dbb47-9448-4a2d-bf50-ef4f815e96e8","ts":"2025-12-28T06:35:43.368-05:00","source":{"id":"0","name":"eventBus"}}
{"__type":"$$EventMessageNode","id":"74a55778-20f5-4780-90dc-cf30e6afad78","ts":"2025-12-28T06:35:43.368-05:00","eventName":"n8n.node.finished","message":"n8n.node.finished","payload":{"workflowId":"AoZcm6aV9HfMQcdz","workflowName":"Sub-flujo: Notificar Cliente","executionId":"614","nodeType":"n8n-nodes-base.executeWorkflowTrigger","nodeName":"When Executed by Another Workflow","nodeId":"3dd51426-6bd0-4529-82b9-babb26538611"}}
{"__type":"$$EventMessageConfirm","confirm":"74a55778-20f5-4780-90dc-cf30e6afad78","ts":"2025-12-28T06:35:43.368-05:00","source":{"id":"0","name":"eventBus"}}
{"__type":"$$EventMessageNode","id":"f28474e5-cd25-4247-8a34-3d87a2d2b0cd","ts":"2025-12-28T06:35:43.368-05:00","eventName":"n8n.node.started","message":"n8n.node.started","payload":{"workflowId":"AoZcm6aV9HfMQcdz","workflowName":"Sub-flujo: Notificar Cliente","executionId":"614","nodeType":"n8n-nodes-base.gmail","nodeName":"Send a message","nodeId":"d83e6ba7-6371-4418-bcfb-b19ecb985743"}}
{"__type":"$$EventMessageConfirm","confirm":"f28474e5-cd25-4247-8a34-3d87a2d2b0cd","ts":"2025-12-28T06:35:43.369-05:00","source":{"id":"0","name":"eventBus"}}
{"__type":"$$EventMessageNode","id":"83d65f8b-ecc8-4c4e-af9f-3fa1acc672bb","ts":"2025-12-28T06:35:43.383-05:00","eventName":"n8n.node.finished","message":"n8n.node.finished","payload":{"workflowId":"AoZcm6aV9HfMQcdz","workflowName":"Sub-flujo: Notificar Cliente","executionId":"614","nodeType":"n8n-nodes-base.gmail","nodeName":"Send a message","nodeId":"d83e6ba7-6371-4418-bcfb-b19ecb985743"}}
{"__type":"$$EventMessageConfirm","confirm":"83d65f8b-ecc8-4c4e-af9f-3fa1acc672bb","ts":"2025-12-28T06:35:43.383-05:00","source":{"id":"0","name":"eventBus"}}
{"__type":"$$EventMessageWorkflow","id":"1700787d-c029-4dae-9267-13c563797ee2","ts":"2025-12-28T06:35:43.384-05:00","eventName":"n8n.workflow.failed","message":"n8n.workflow.failed","payload":{"userId":"320a3f0c-72cf-4854-85b0-40af06954d1d","executionId":"614","success":false,"isManual":false,"workflowId":"AoZcm6aV9HfMQcdz","workflowName":"Sub-flujo: Notificar Cliente","lastNodeExecuted":"Send a message","errorNodeType":"n8n-nodes-base.gmail","errorMessage":"Invalid email address (item 0)"}}
{"__type":"$$EventMessageConfirm","confirm":"1700787d-c029-4dae-9267-13c563797ee2","ts":"2025-12-28T06:35:43.384-05:00","source":{"id":"0","name":"eventBus"}}
{"__type":"$$EventMessageNode","id":"9cc76fc4-1ce5-449d-ae35-f97ec6584d2b","ts":"2025-12-28T06:35:43.441-05:00","eventName":"n8n.node.finished","message":"n8n.node.finished","payload":{"workflowId":"bWF48OWHKGgpaQpr","workflowName":"Proyecto ITSI","executionId":"613","nodeType":"n8n-nodes-base.executeWorkflow","nodeName":"Call 'Sub-flujo: Notificar Cliente'","nodeId":"ed356c56-0f3e-45d4-9e88-c7cddcdbf041"}}
{"__type":"$$EventMessageConfirm","confirm":"9cc76fc4-1ce5-449d-ae35-f97ec6584d2b","ts":"2025-12-28T06:35:43.441-05:00","source":{"id":"0","name":"eventBus"}}
{"__type":"$$EventMessageWorkflow","id":"8a9734c8-ac44-4586-b851-956668ecb08a","ts":"2025-12-28T06:35:43.449-05:00","eventName":"n8n.workflow.failed","message":"n8n.workflow.failed","payload":{"userId":"320a3f0c-72cf-4854-85b0-40af06954d1d","executionId":"613","success":false,"isManual":true,"workflowId":"bWF48OWHKGgpaQpr","workflowName":"Proyecto ITSI","lastNodeExecuted":"Call 'Sub-flujo: Notificar Cliente'","errorNodeType":"n8n-nodes-base.gmail","errorMessage":"Invalid email address (item 0)"}}
{"__type":"$$EventMessageConfirm","confirm":"8a9734c8-ac44-4586-b851-956668ecb08a","ts":"2025-12-28T06:35:43.450-05:00","source":{"id":"0","name":"eventBus"}}
{"__type":"$$EventMessageWorkflow","id":"ca4f4ed6-c878-4cea-9496-8df24153fa8e","ts":"2025-12-28T06:35:44.477-05:00","eventName":"n8n.workflow.started","message":"n8n.workflow.started","payload":{"executionId":"615","workflowId":"BucAT7JEgWBdLH6q","isManual":false,"workflowName":"Proyecto: Manejador de errores"}}
{"__type":"$$EventMessageConfirm","confirm":"ca4f4ed6-c878-4cea-9496-8df24153fa8e","ts":"2025-12-28T06:35:44.478-05:00","source":{"id":"0","name":"eventBus"}}
{"__type":"$$EventMessageNode","id":"79ebd507-bba4-4ad5-8859-804892af1680","ts":"2025-12-28T06:35:44.478-05:00","eventName":"n8n.node.started","message":"n8n.node.started","payload":{"workflowId":"BucAT7JEgWBdLH6q","workflowName":"Proyecto: Manejador de errores","executionId":"615","nodeType":"n8n-nodes-base.errorTrigger","nodeName":"Error Trigger","nodeId":"fac58b85-e6a7-42a3-8635-28c8fdb4c0ed"}}
{"__type":"$$EventMessageConfirm","confirm":"79ebd507-bba4-4ad5-8859-804892af1680","ts":"2025-12-28T06:35:44.479-05:00","source":{"id":"0","name":"eventBus"}}
{"__type":"$$EventMessageNode","id":"1a1ca0db-0320-4678-9ad4-20d55722f065","ts":"2025-12-28T06:35:44.480-05:00","eventName":"n8n.node.finished","message":"n8n.node.finished","payload":{"workflowId":"BucAT7JEgWBdLH6q","workflowName":"Proyecto: Manejador de errores","executionId":"615","nodeType":"n8n-nodes-base.errorTrigger","nodeName":"Error Trigger","nodeId":"fac58b85-e6a7-42a3-8635-28c8fdb4c0ed"}}
{"__type":"$$EventMessageConfirm","confirm":"1a1ca0db-0320-4678-9ad4-20d55722f065","ts":"2025-12-28T06:35:44.480-05:00","source":{"id":"0","name":"eventBus"}}
{"__type":"$$EventMessageNode","id":"db11b58e-76a0-40db-993c-2c4be7ae9bce","ts":"2025-12-28T06:35:44.480-05:00","eventName":"n8n.node.started","message":"n8n.node.started","payload":{"workflowId":"BucAT7JEgWBdLH6q","workflowName":"Proyecto: Manejador de errores","executionId":"615","nodeType":"n8n-nodes-base.googleSheets","nodeName":"Append row in sheet","nodeId":"9fef9721-6871-4f99-9132-b9a05d17513a"}}
{"__type":"$$EventMessageConfirm","confirm":"db11b58e-76a0-40db-993c-2c4be7ae9bce","ts":"2025-12-28T06:35:44.480-05:00","source":{"id":"0","name":"eventBus"}}
{"__type":"$$EventMessageNode","id":"9c88fcb1-3fcf-43a4-a887-bb4a95252558","ts":"2025-12-28T06:35:48.918-05:00","eventName":"n8n.node.finished","message":"n8n.node.finished","payload":{"workflowId":"BucAT7JEgWBdLH6q","workflowName":"Proyecto: Manejador de errores","executionId":"615","nodeType":"n8n-nodes-base.googleSheets","nodeName":"Append row in sheet","nodeId":"9fef9721-6871-4f99-9132-b9a05d17513a"}}
{"__type":"$$EventMessageConfirm","confirm":"9c88fcb1-3fcf-43a4-a887-bb4a95252558","ts":"2025-12-28T06:35:48.919-05:00","source":{"id":"0","name":"eventBus"}}
{"__type":"$$EventMessageNode","id":"00e70ce6-1a38-4e93-bb42-afda43241f77","ts":"2025-12-28T06:35:48.919-05:00","eventName":"n8n.node.started","message":"n8n.node.started","payload":{"workflowId":"BucAT7JEgWBdLH6q","workflowName":"Proyecto: Manejador de errores","executionId":"615","nodeType":"n8n-nodes-base.gmail","nodeName":"Send a message","nodeId":"487e8517-7361-4e92-9cea-502a0c205bad"}}
{"__type":"$$EventMessageConfirm","confirm":"00e70ce6-1a38-4e93-bb42-afda43241f77","ts":"2025-12-28T06:35:48.919-05:00","source":{"id":"0","name":"eventBus"}}
{"__type":"$$EventMessageNode","id":"37af8977-03bf-41dc-87e2-f9bacb6ca39e","ts":"2025-12-28T06:35:49.454-05:00","eventName":"n8n.node.finished","message":"n8n.node.finished","payload":{"workflowId":"BucAT7JEgWBdLH6q","workflowName":"Proyecto: Manejador de errores","executionId":"615","nodeType":"n8n-nodes-base.gmail","nodeName":"Send a message","nodeId":"487e8517-7361-4e92-9cea-502a0c205bad"}}
{"__type":"$$EventMessageConfirm","confirm":"37af8977-03bf-41dc-87e2-f9bacb6ca39e","ts":"2025-12-28T06:35:49.454-05:00","source":{"id":"0","name":"eventBus"}}
{"__type":"$$EventMessageWorkflow","id":"008d09cc-4a2d-4eda-b0e4-c15a6113751c","ts":"2025-12-28T06:35:49.454-05:00","eventName":"n8n.workflow.success","message":"n8n.workflow.success","payload":{"executionId":"615","success":true,"isManual":false,"workflowId":"BucAT7JEgWBdLH6q","workflowName":"Proyecto: Manejador de errores"}}
{"__type":"$$EventMessageConfirm","confirm":"008d09cc-4a2d-4eda-b0e4-c15a6113751c","ts":"2025-12-28T06:35:49.455-05:00","source":{"id":"0","name":"eventBus"}}
{"__type":"$$EventMessageAudit","id":"9aec7e10-59c3-4b75-bc34-f120e2502cd7","ts":"2025-12-28T06:36:08.706-05:00","eventName":"n8n.audit.workflow.updated","message":"n8n.audit.workflow.updated","payload":{"userId":"320a3f0c-72cf-4854-85b0-40af06954d1d","_email":"eim344@inlumine.ual.es","_firstName":"Esther","_lastName":"Ibáñez Mingorance","globalRole":"global:owner","workflowId":"bWF48OWHKGgpaQpr","workflowName":"Proyecto ITSI"}}
{"__type":"$$EventMessageConfirm","confirm":"9aec7e10-59c3-4b75-bc34-f120e2502cd7","ts":"2025-12-28T06:36:08.706-05:00","source":{"id":"0","name":"eventBus"}}
{"__type":"$$EventMessageAudit","id":"a3ac8905-3cd5-495d-b4ec-2abd4c06f2ce","ts":"2025-12-28T06:36:32.533-05:00","eventName":"n8n.audit.workflow.updated","message":"n8n.audit.workflow.updated","payload":{"userId":"320a3f0c-72cf-4854-85b0-40af06954d1d","_email":"eim344@inlumine.ual.es","_firstName":"Esther","_lastName":"Ibáñez Mingorance","globalRole":"global:owner","workflowId":"AoZcm6aV9HfMQcdz","workflowName":"Sub-flujo: Notificar Cliente"}}
{"__type":"$$EventMessageConfirm","confirm":"a3ac8905-3cd5-495d-b4ec-2abd4c06f2ce","ts":"2025-12-28T06:36:32.533-05:00","source":{"id":"0","name":"eventBus"}}
{"__type":"$$EventMessageWorkflow","id":"811134bb-ec38-4d51-910b-42ba6ee67afd","ts":"2025-12-28T06:36:36.945-05:00","eventName":"n8n.workflow.started","message":"n8n.workflow.started","payload":{"executionId":"616","workflowId":"bWF48OWHKGgpaQpr","isManual":false,"workflowName":"Proyecto ITSI"}}
{"__type":"$$EventMessageConfirm","confirm":"811134bb-ec38-4d51-910b-42ba6ee67afd","ts":"2025-12-28T06:36:36.945-05:00","source":{"id":"0","name":"eventBus"}}
{"__type":"$$EventMessageNode","id":"315be3eb-664f-4663-ac30-76f9ffbe49d7","ts":"2025-12-28T06:36:36.949-05:00","eventName":"n8n.node.started","message":"n8n.node.started","payload":{"workflowId":"bWF48OWHKGgpaQpr","workflowName":"Proyecto ITSI","executionId":"616","nodeType":"n8n-nodes-base.executeWorkflow","nodeName":"Call 'Sub-flujo: Notificar Cliente'","nodeId":"ed356c56-0f3e-45d4-9e88-c7cddcdbf041"}}
{"__type":"$$EventMessageConfirm","confirm":"315be3eb-664f-4663-ac30-76f9ffbe49d7","ts":"2025-12-28T06:36:36.949-05:00","source":{"id":"0","name":"eventBus"}}
{"__type":"$$EventMessageWorkflow","id":"7103c2a2-3517-4a01-9655-9d73dfdbee12","ts":"2025-12-28T06:36:37.081-05:00","eventName":"n8n.workflow.started","message":"n8n.workflow.started","payload":{"executionId":"617","workflowId":"AoZcm6aV9HfMQcdz","isManual":false,"workflowName":"Sub-flujo: Notificar Cliente"}}
{"__type":"$$EventMessageConfirm","confirm":"7103c2a2-3517-4a01-9655-9d73dfdbee12","ts":"2025-12-28T06:36:37.081-05:00","source":{"id":"0","name":"eventBus"}}
{"__type":"$$EventMessageNode","id":"6ecdeaf3-0f29-4f9f-9554-78078efa33cf","ts":"2025-12-28T06:36:37.081-05:00","eventName":"n8n.node.started","message":"n8n.node.started","payload":{"workflowId":"AoZcm6aV9HfMQcdz","workflowName":"Sub-flujo: Notificar Cliente","executionId":"617","nodeType":"n8n-nodes-base.executeWorkflowTrigger","nodeName":"When Executed by Another Workflow","nodeId":"3dd51426-6bd0-4529-82b9-babb26538611"}}
{"__type":"$$EventMessageConfirm","confirm":"6ecdeaf3-0f29-4f9f-9554-78078efa33cf","ts":"2025-12-28T06:36:37.081-05:00","source":{"id":"0","name":"eventBus"}}
{"__type":"$$EventMessageNode","id":"b6826885-926a-4ef9-a174-a9274bec245f","ts":"2025-12-28T06:36:37.082-05:00","eventName":"n8n.node.finished","message":"n8n.node.finished","payload":{"workflowId":"AoZcm6aV9HfMQcdz","workflowName":"Sub-flujo: Notificar Cliente","executionId":"617","nodeType":"n8n-nodes-base.executeWorkflowTrigger","nodeName":"When Executed by Another Workflow","nodeId":"3dd51426-6bd0-4529-82b9-babb26538611"}}
{"__type":"$$EventMessageConfirm","confirm":"b6826885-926a-4ef9-a174-a9274bec245f","ts":"2025-12-28T06:36:37.082-05:00","source":{"id":"0","name":"eventBus"}}
{"__type":"$$EventMessageNode","id":"27598b64-91fe-46df-9c39-b195a87e8a57","ts":"2025-12-28T06:36:37.082-05:00","eventName":"n8n.node.started","message":"n8n.node.started","payload":{"workflowId":"AoZcm6aV9HfMQcdz","workflowName":"Sub-flujo: Notificar Cliente","executionId":"617","nodeType":"n8n-nodes-base.gmail","nodeName":"Send a message","nodeId":"d83e6ba7-6371-4418-bcfb-b19ecb985743"}}
{"__type":"$$EventMessageConfirm","confirm":"27598b64-91fe-46df-9c39-b195a87e8a57","ts":"2025-12-28T06:36:37.082-05:00","source":{"id":"0","name":"eventBus"}}
{"__type":"$$EventMessageNode","id":"4aa91156-57d4-4db3-ae55-f0261840f340","ts":"2025-12-28T06:36:37.096-05:00","eventName":"n8n.node.finished","message":"n8n.node.finished","payload":{"workflowId":"AoZcm6aV9HfMQcdz","workflowName":"Sub-flujo: Notificar Cliente","executionId":"617","nodeType":"n8n-nodes-base.gmail","nodeName":"Send a message","nodeId":"d83e6ba7-6371-4418-bcfb-b19ecb985743"}}
{"__type":"$$EventMessageConfirm","confirm":"4aa91156-57d4-4db3-ae55-f0261840f340","ts":"2025-12-28T06:36:37.096-05:00","source":{"id":"0","name":"eventBus"}}
{"__type":"$$EventMessageWorkflow","id":"0b104bcd-0146-4240-8903-5acc44c608c1","ts":"2025-12-28T06:36:37.096-05:00","eventName":"n8n.workflow.failed","message":"n8n.workflow.failed","payload":{"userId":"320a3f0c-72cf-4854-85b0-40af06954d1d","executionId":"617","success":false,"isManual":false,"workflowId":"AoZcm6aV9HfMQcdz","workflowName":"Sub-flujo: Notificar Cliente","lastNodeExecuted":"Send a message","errorNodeType":"n8n-nodes-base.gmail","errorMessage":"Invalid email address (item 0)"}}
{"__type":"$$EventMessageConfirm","confirm":"0b104bcd-0146-4240-8903-5acc44c608c1","ts":"2025-12-28T06:36:37.097-05:00","source":{"id":"0","name":"eventBus"}}
{"__type":"$$EventMessageNode","id":"1bc2be8a-df4f-4b6b-b0d8-24946bc3baef","ts":"2025-12-28T06:36:37.164-05:00","eventName":"n8n.node.finished","message":"n8n.node.finished","payload":{"workflowId":"bWF48OWHKGgpaQpr","workflowName":"Proyecto ITSI","executionId":"616","nodeType":"n8n-nodes-base.executeWorkflow","nodeName":"Call 'Sub-flujo: Notificar Cliente'","nodeId":"ed356c56-0f3e-45d4-9e88-c7cddcdbf041"}}
{"__type":"$$EventMessageConfirm","confirm":"1bc2be8a-df4f-4b6b-b0d8-24946bc3baef","ts":"2025-12-28T06:36:37.164-05:00","source":{"id":"0","name":"eventBus"}}
{"__type":"$$EventMessageWorkflow","id":"c9398e8b-f4ea-41cd-9816-8a9ed9ee9aeb","ts":"2025-12-28T06:36:37.167-05:00","eventName":"n8n.workflow.failed","message":"n8n.workflow.failed","payload":{"userId":"320a3f0c-72cf-4854-85b0-40af06954d1d","executionId":"616","success":false,"isManual":true,"workflowId":"bWF48OWHKGgpaQpr","workflowName":"Proyecto ITSI","lastNodeExecuted":"Call 'Sub-flujo: Notificar Cliente'","errorNodeType":"n8n-nodes-base.gmail","errorMessage":"Invalid email address (item 0)"}}
{"__type":"$$EventMessageConfirm","confirm":"c9398e8b-f4ea-41cd-9816-8a9ed9ee9aeb","ts":"2025-12-28T06:36:37.168-05:00","source":{"id":"0","name":"eventBus"}}
{"__type":"$$EventMessageWorkflow","id":"076c53bd-8f23-4c90-8264-189719d397c3","ts":"2025-12-28T06:36:37.418-05:00","eventName":"n8n.workflow.started","message":"n8n.workflow.started","payload":{"executionId":"618","workflowId":"BucAT7JEgWBdLH6q","isManual":false,"workflowName":"Proyecto: Manejador de errores"}}
{"__type":"$$EventMessageConfirm","confirm":"076c53bd-8f23-4c90-8264-189719d397c3","ts":"2025-12-28T06:36:37.418-05:00","source":{"id":"0","name":"eventBus"}}
{"__type":"$$EventMessageNode","id":"fc0749c0-db99-4f15-9e6d-ff247180d6a4","ts":"2025-12-28T06:36:37.418-05:00","eventName":"n8n.node.started","message":"n8n.node.started","payload":{"workflowId":"BucAT7JEgWBdLH6q","workflowName":"Proyecto: Manejador de errores","executionId":"618","nodeType":"n8n-nodes-base.errorTrigger","nodeName":"Error Trigger","nodeId":"fac58b85-e6a7-42a3-8635-28c8fdb4c0ed"}}
{"__type":"$$EventMessageConfirm","confirm":"fc0749c0-db99-4f15-9e6d-ff247180d6a4","ts":"2025-12-28T06:36:37.419-05:00","source":{"id":"0","name":"eventBus"}}
{"__type":"$$EventMessageNode","id":"b5cf56f4-da29-4d5c-a93b-580eb11f0c17","ts":"2025-12-28T06:36:37.419-05:00","eventName":"n8n.node.finished","message":"n8n.node.finished","payload":{"workflowId":"BucAT7JEgWBdLH6q","workflowName":"Proyecto: Manejador de errores","executionId":"618","nodeType":"n8n-nodes-base.errorTrigger","nodeName":"Error Trigger","nodeId":"fac58b85-e6a7-42a3-8635-28c8fdb4c0ed"}}
{"__type":"$$EventMessageConfirm","confirm":"b5cf56f4-da29-4d5c-a93b-580eb11f0c17","ts":"2025-12-28T06:36:37.419-05:00","source":{"id":"0","name":"eventBus"}}
{"__type":"$$EventMessageNode","id":"3de0f2c3-2e07-408a-a62f-3f90e39ddecb","ts":"2025-12-28T06:36:37.419-05:00","eventName":"n8n.node.started","message":"n8n.node.started","payload":{"workflowId":"BucAT7JEgWBdLH6q","workflowName":"Proyecto: Manejador de errores","executionId":"618","nodeType":"n8n-nodes-base.googleSheets","nodeName":"Append row in sheet","nodeId":"9fef9721-6871-4f99-9132-b9a05d17513a"}}
{"__type":"$$EventMessageConfirm","confirm":"3de0f2c3-2e07-408a-a62f-3f90e39ddecb","ts":"2025-12-28T06:36:37.420-05:00","source":{"id":"0","name":"eventBus"}}
{"__type":"$$EventMessageNode","id":"3932e34c-697a-4a03-b79d-868e3c35cac5","ts":"2025-12-28T06:36:41.207-05:00","eventName":"n8n.node.finished","message":"n8n.node.finished","payload":{"workflowId":"BucAT7JEgWBdLH6q","workflowName":"Proyecto: Manejador de errores","executionId":"618","nodeType":"n8n-nodes-base.googleSheets","nodeName":"Append row in sheet","nodeId":"9fef9721-6871-4f99-9132-b9a05d17513a"}}
{"__type":"$$EventMessageConfirm","confirm":"3932e34c-697a-4a03-b79d-868e3c35cac5","ts":"2025-12-28T06:36:41.207-05:00","source":{"id":"0","name":"eventBus"}}
{"__type":"$$EventMessageNode","id":"aadf95bf-4244-4621-adfa-0241d2a8cbab","ts":"2025-12-28T06:36:41.207-05:00","eventName":"n8n.node.started","message":"n8n.node.started","payload":{"workflowId":"BucAT7JEgWBdLH6q","workflowName":"Proyecto: Manejador de errores","executionId":"618","nodeType":"n8n-nodes-base.gmail","nodeName":"Send a message","nodeId":"487e8517-7361-4e92-9cea-502a0c205bad"}}
{"__type":"$$EventMessageConfirm","confirm":"aadf95bf-4244-4621-adfa-0241d2a8cbab","ts":"2025-12-28T06:36:41.208-05:00","source":{"id":"0","name":"eventBus"}}
{"__type":"$$EventMessageNode","id":"aeaf02f1-5b72-4a97-8ca4-d1faf3a96805","ts":"2025-12-28T06:36:41.798-05:00","eventName":"n8n.node.finished","message":"n8n.node.finished","payload":{"workflowId":"BucAT7JEgWBdLH6q","workflowName":"Proyecto: Manejador de errores","executionId":"618","nodeType":"n8n-nodes-base.gmail","nodeName":"Send a message","nodeId":"487e8517-7361-4e92-9cea-502a0c205bad"}}
{"__type":"$$EventMessageConfirm","confirm":"aeaf02f1-5b72-4a97-8ca4-d1faf3a96805","ts":"2025-12-28T06:36:41.798-05:00","source":{"id":"0","name":"eventBus"}}
{"__type":"$$EventMessageWorkflow","id":"3e51c1d0-59cb-48b2-90dd-876ec444b3fb","ts":"2025-12-28T06:36:41.798-05:00","eventName":"n8n.workflow.success","message":"n8n.workflow.success","payload":{"executionId":"618","success":true,"isManual":false,"workflowId":"BucAT7JEgWBdLH6q","workflowName":"Proyecto: Manejador de errores"}}
{"__type":"$$EventMessageConfirm","confirm":"3e51c1d0-59cb-48b2-90dd-876ec444b3fb","ts":"2025-12-28T06:36:41.798-05:00","source":{"id":"0","name":"eventBus"}}
{"__type":"$$EventMessageWorkflow","id":"b1f1bca4-9991-4dae-8a32-271d0b8be2e0","ts":"2025-12-28T06:36:48.135-05:00","eventName":"n8n.workflow.started","message":"n8n.workflow.started","payload":{"executionId":"619","workflowId":"AoZcm6aV9HfMQcdz","isManual":false,"workflowName":"Sub-flujo: Notificar Cliente"}}
{"__type":"$$EventMessageConfirm","confirm":"b1f1bca4-9991-4dae-8a32-271d0b8be2e0","ts":"2025-12-28T06:36:48.135-05:00","source":{"id":"0","name":"eventBus"}}
{"__type":"$$EventMessageNode","id":"ef696768-5143-4c38-b2c2-deac76fe4066","ts":"2025-12-28T06:36:48.136-05:00","eventName":"n8n.node.started","message":"n8n.node.started","payload":{"workflowId":"AoZcm6aV9HfMQcdz","workflowName":"Sub-flujo: Notificar Cliente","executionId":"619","nodeType":"n8n-nodes-base.executeWorkflowTrigger","nodeName":"When Executed by Another Workflow","nodeId":"3dd51426-6bd0-4529-82b9-babb26538611"}}
{"__type":"$$EventMessageConfirm","confirm":"ef696768-5143-4c38-b2c2-deac76fe4066","ts":"2025-12-28T06:36:48.136-05:00","source":{"id":"0","name":"eventBus"}}
{"__type":"$$EventMessageNode","id":"82ac818e-d431-4820-9502-aec535c0e42f","ts":"2025-12-28T06:36:48.137-05:00","eventName":"n8n.node.finished","message":"n8n.node.finished","payload":{"workflowId":"AoZcm6aV9HfMQcdz","workflowName":"Sub-flujo: Notificar Cliente","executionId":"619","nodeType":"n8n-nodes-base.executeWorkflowTrigger","nodeName":"When Executed by Another Workflow","nodeId":"3dd51426-6bd0-4529-82b9-babb26538611"}}
{"__type":"$$EventMessageConfirm","confirm":"82ac818e-d431-4820-9502-aec535c0e42f","ts":"2025-12-28T06:36:48.137-05:00","source":{"id":"0","name":"eventBus"}}
{"__type":"$$EventMessageNode","id":"322998b9-6a79-4919-8d4c-984c81d8823f","ts":"2025-12-28T06:36:48.138-05:00","eventName":"n8n.node.started","message":"n8n.node.started","payload":{"workflowId":"AoZcm6aV9HfMQcdz","workflowName":"Sub-flujo: Notificar Cliente","executionId":"619","nodeType":"n8n-nodes-base.gmail","nodeName":"Send a message","nodeId":"d83e6ba7-6371-4418-bcfb-b19ecb985743"}}
{"__type":"$$EventMessageConfirm","confirm":"322998b9-6a79-4919-8d4c-984c81d8823f","ts":"2025-12-28T06:36:48.138-05:00","source":{"id":"0","name":"eventBus"}}
{"__type":"$$EventMessageNode","id":"245a0240-84de-4c93-a7d0-03a71e0ec414","ts":"2025-12-28T06:36:48.140-05:00","eventName":"n8n.node.finished","message":"n8n.node.finished","payload":{"workflowId":"AoZcm6aV9HfMQcdz","workflowName":"Sub-flujo: Notificar Cliente","executionId":"619","nodeType":"n8n-nodes-base.gmail","nodeName":"Send a message","nodeId":"d83e6ba7-6371-4418-bcfb-b19ecb985743"}}
{"__type":"$$EventMessageConfirm","confirm":"245a0240-84de-4c93-a7d0-03a71e0ec414","ts":"2025-12-28T06:36:48.141-05:00","source":{"id":"0","name":"eventBus"}}
{"__type":"$$EventMessageWorkflow","id":"4c06d7dd-6b07-4dd0-86ca-672391064844","ts":"2025-12-28T06:36:48.146-05:00","eventName":"n8n.workflow.failed","message":"n8n.workflow.failed","payload":{"userId":"320a3f0c-72cf-4854-85b0-40af06954d1d","executionId":"619","success":false,"isManual":true,"workflowId":"AoZcm6aV9HfMQcdz","workflowName":"Sub-flujo: Notificar Cliente","lastNodeExecuted":"Send a message","errorNodeType":"n8n-nodes-base.gmail","errorMessage":"Invalid email address (item 0)"}}
{"__type":"$$EventMessageConfirm","confirm":"4c06d7dd-6b07-4dd0-86ca-672391064844","ts":"2025-12-28T06:36:48.146-05:00","source":{"id":"0","name":"eventBus"}}
{"__type":"$$EventMessageAudit","id":"629adea8-e97f-4baf-b354-e55b74343b74","ts":"2025-12-28T06:37:30.005-05:00","eventName":"n8n.audit.workflow.updated","message":"n8n.audit.workflow.updated","payload":{"userId":"320a3f0c-72cf-4854-85b0-40af06954d1d","_email":"eim344@inlumine.ual.es","_firstName":"Esther","_lastName":"Ibáñez Mingorance","globalRole":"global:owner","workflowId":"bWF48OWHKGgpaQpr","workflowName":"Proyecto ITSI"}}
{"__type":"$$EventMessageConfirm","confirm":"629adea8-e97f-4baf-b354-e55b74343b74","ts":"2025-12-28T06:37:30.005-05:00","source":{"id":"0","name":"eventBus"}}
{"__type":"$$EventMessageAudit","id":"d1da705b-f921-43ad-af98-0adcb199ce53","ts":"2025-12-28T06:37:31.642-05:00","eventName":"n8n.audit.workflow.updated","message":"n8n.audit.workflow.updated","payload":{"userId":"320a3f0c-72cf-4854-85b0-40af06954d1d","_email":"eim344@inlumine.ual.es","_firstName":"Esther","_lastName":"Ibáñez Mingorance","globalRole":"global:owner","workflowId":"AoZcm6aV9HfMQcdz","workflowName":"Sub-flujo: Notificar Cliente"}}
{"__type":"$$EventMessageConfirm","confirm":"d1da705b-f921-43ad-af98-0adcb199ce53","ts":"2025-12-28T06:37:31.642-05:00","source":{"id":"0","name":"eventBus"}}
{"__type":"$$EventMessageWorkflow","id":"4e877e3b-9683-4bc9-ad01-beec21170658","ts":"2025-12-28T06:43:07.414-05:00","eventName":"n8n.workflow.started","message":"n8n.workflow.started","payload":{"executionId":"620","workflowId":"bWF48OWHKGgpaQpr","isManual":false,"workflowName":"Proyecto ITSI"}}
{"__type":"$$EventMessageConfirm","confirm":"4e877e3b-9683-4bc9-ad01-beec21170658","ts":"2025-12-28T06:43:07.414-05:00","source":{"id":"0","name":"eventBus"}}
{"__type":"$$EventMessageNode","id":"9e6528e5-af34-4b65-a52b-a7f0208d76d5","ts":"2025-12-28T06:43:07.415-05:00","eventName":"n8n.node.started","message":"n8n.node.started","payload":{"workflowId":"bWF48OWHKGgpaQpr","workflowName":"Proyecto ITSI","executionId":"620","nodeType":"n8n-nodes-base.gmailTrigger","nodeName":"Gmail Trigger","nodeId":"10713d14-856d-4b97-8b53-9cfe29fab342"}}
{"__type":"$$EventMessageConfirm","confirm":"9e6528e5-af34-4b65-a52b-a7f0208d76d5","ts":"2025-12-28T06:43:07.416-05:00","source":{"id":"0","name":"eventBus"}}
{"__type":"$$EventMessageWorkflow","id":"c2e7bade-5c44-46bf-8734-971b71b35fdd","ts":"2025-12-28T06:43:08.385-05:00","eventName":"n8n.workflow.success","message":"n8n.workflow.success","payload":{"userId":"320a3f0c-72cf-4854-85b0-40af06954d1d","executionId":"620","success":true,"isManual":true,"workflowId":"bWF48OWHKGgpaQpr","workflowName":"Proyecto ITSI"}}
{"__type":"$$EventMessageConfirm","confirm":"c2e7bade-5c44-46bf-8734-971b71b35fdd","ts":"2025-12-28T06:43:08.385-05:00","source":{"id":"0","name":"eventBus"}}
{"__type":"$$EventMessageWorkflow","id":"9fe8aa2c-0d67-4e4d-82e5-5bd91d566912","ts":"2025-12-28T06:43:20.658-05:00","eventName":"n8n.workflow.started","message":"n8n.workflow.started","payload":{"executionId":"621","workflowId":"AoZcm6aV9HfMQcdz","isManual":false,"workflowName":"Sub-flujo: Notificar Cliente"}}
{"__type":"$$EventMessageConfirm","confirm":"9fe8aa2c-0d67-4e4d-82e5-5bd91d566912","ts":"2025-12-28T06:43:20.659-05:00","source":{"id":"0","name":"eventBus"}}
{"__type":"$$EventMessageNode","id":"cadee04b-02f4-4d37-89df-b19b5e77a6a8","ts":"2025-12-28T06:43:20.659-05:00","eventName":"n8n.node.started","message":"n8n.node.started","payload":{"workflowId":"AoZcm6aV9HfMQcdz","workflowName":"Sub-flujo: Notificar Cliente","executionId":"621","nodeType":"n8n-nodes-base.executeWorkflowTrigger","nodeName":"When Executed by Another Workflow","nodeId":"3dd51426-6bd0-4529-82b9-babb26538611"}}
{"__type":"$$EventMessageConfirm","confirm":"cadee04b-02f4-4d37-89df-b19b5e77a6a8","ts":"2025-12-28T06:43:20.659-05:00","source":{"id":"0","name":"eventBus"}}
{"__type":"$$EventMessageNode","id":"4c156e1b-81de-42de-b9b1-408165897c30","ts":"2025-12-28T06:43:20.661-05:00","eventName":"n8n.node.finished","message":"n8n.node.finished","payload":{"workflowId":"AoZcm6aV9HfMQcdz","workflowName":"Sub-flujo: Notificar Cliente","executionId":"621","nodeType":"n8n-nodes-base.executeWorkflowTrigger","nodeName":"When Executed by Another Workflow","nodeId":"3dd51426-6bd0-4529-82b9-babb26538611"}}
{"__type":"$$EventMessageConfirm","confirm":"4c156e1b-81de-42de-b9b1-408165897c30","ts":"2025-12-28T06:43:20.661-05:00","source":{"id":"0","name":"eventBus"}}
{"__type":"$$EventMessageNode","id":"93da188d-fa48-4092-9dda-1961ec2e1a05","ts":"2025-12-28T06:43:20.663-05:00","eventName":"n8n.node.started","message":"n8n.node.started","payload":{"workflowId":"AoZcm6aV9HfMQcdz","workflowName":"Sub-flujo: Notificar Cliente","executionId":"621","nodeType":"n8n-nodes-base.gmail","nodeName":"Send a message","nodeId":"d83e6ba7-6371-4418-bcfb-b19ecb985743"}}
{"__type":"$$EventMessageConfirm","confirm":"93da188d-fa48-4092-9dda-1961ec2e1a05","ts":"2025-12-28T06:43:20.664-05:00","source":{"id":"0","name":"eventBus"}}
{"__type":"$$EventMessageNode","id":"5ae94642-b305-414f-b03c-25177b83cd14","ts":"2025-12-28T06:43:20.668-05:00","eventName":"n8n.node.finished","message":"n8n.node.finished","payload":{"workflowId":"AoZcm6aV9HfMQcdz","workflowName":"Sub-flujo: Notificar Cliente","executionId":"621","nodeType":"n8n-nodes-base.gmail","nodeName":"Send a message","nodeId":"d83e6ba7-6371-4418-bcfb-b19ecb985743"}}
{"__type":"$$EventMessageConfirm","confirm":"5ae94642-b305-414f-b03c-25177b83cd14","ts":"2025-12-28T06:43:20.668-05:00","source":{"id":"0","name":"eventBus"}}
{"__type":"$$EventMessageWorkflow","id":"0b539007-0bba-41b5-81c6-f6116e6d2b0c","ts":"2025-12-28T06:43:20.671-05:00","eventName":"n8n.workflow.failed","message":"n8n.workflow.failed","payload":{"userId":"320a3f0c-72cf-4854-85b0-40af06954d1d","executionId":"621","success":false,"isManual":true,"workflowId":"AoZcm6aV9HfMQcdz","workflowName":"Sub-flujo: Notificar Cliente","lastNodeExecuted":"Send a message","errorNodeType":"n8n-nodes-base.gmail","errorMessage":"Invalid email address (item 0)"}}
{"__type":"$$EventMessageConfirm","confirm":"0b539007-0bba-41b5-81c6-f6116e6d2b0c","ts":"2025-12-28T06:43:20.671-05:00","source":{"id":"0","name":"eventBus"}}
{"__type":"$$EventMessageWorkflow","id":"9aa0ff9c-620e-4d6f-ac92-7dd3eb343fce","ts":"2025-12-28T06:43:26.541-05:00","eventName":"n8n.workflow.started","message":"n8n.workflow.started","payload":{"executionId":"622","workflowId":"bWF48OWHKGgpaQpr","isManual":false,"workflowName":"Proyecto ITSI"}}
{"__type":"$$EventMessageConfirm","confirm":"9aa0ff9c-620e-4d6f-ac92-7dd3eb343fce","ts":"2025-12-28T06:43:26.542-05:00","source":{"id":"0","name":"eventBus"}}
{"__type":"$$EventMessageNode","id":"cc3a8021-6f1d-435a-acf4-0a0a3987b3b1","ts":"2025-12-28T06:43:26.542-05:00","eventName":"n8n.node.started","message":"n8n.node.started","payload":{"workflowId":"bWF48OWHKGgpaQpr","workflowName":"Proyecto ITSI","executionId":"622","nodeType":"n8n-nodes-base.gmailTrigger","nodeName":"Gmail Trigger","nodeId":"10713d14-856d-4b97-8b53-9cfe29fab342"}}
{"__type":"$$EventMessageConfirm","confirm":"cc3a8021-6f1d-435a-acf4-0a0a3987b3b1","ts":"2025-12-28T06:43:26.542-05:00","source":{"id":"0","name":"eventBus"}}
{"__type":"$$EventMessageWorkflow","id":"937d7bea-ac1d-4bde-8b79-77d460e46985","ts":"2025-12-28T06:43:27.480-05:00","eventName":"n8n.workflow.success","message":"n8n.workflow.success","payload":{"userId":"320a3f0c-72cf-4854-85b0-40af06954d1d","executionId":"622","success":true,"isManual":true,"workflowId":"bWF48OWHKGgpaQpr","workflowName":"Proyecto ITSI"}}
{"__type":"$$EventMessageConfirm","confirm":"937d7bea-ac1d-4bde-8b79-77d460e46985","ts":"2025-12-28T06:43:27.480-05:00","source":{"id":"0","name":"eventBus"}}
{"__type":"$$EventMessageWorkflow","id":"4f88dacb-107e-4ee3-b57c-bc82415698ce","ts":"2025-12-28T06:43:59.165-05:00","eventName":"n8n.workflow.started","message":"n8n.workflow.started","payload":{"executionId":"623","workflowId":"bWF48OWHKGgpaQpr","isManual":false,"workflowName":"Proyecto ITSI"}}
{"__type":"$$EventMessageConfirm","confirm":"4f88dacb-107e-4ee3-b57c-bc82415698ce","ts":"2025-12-28T06:43:59.165-05:00","source":{"id":"0","name":"eventBus"}}
{"__type":"$$EventMessageNode","id":"870bc589-c74a-4340-b9e3-fece04d81cbd","ts":"2025-12-28T06:43:59.166-05:00","eventName":"n8n.node.started","message":"n8n.node.started","payload":{"workflowId":"bWF48OWHKGgpaQpr","workflowName":"Proyecto ITSI","executionId":"623","nodeType":"n8n-nodes-base.gmailTrigger","nodeName":"Gmail Trigger","nodeId":"10713d14-856d-4b97-8b53-9cfe29fab342"}}
{"__type":"$$EventMessageConfirm","confirm":"870bc589-c74a-4340-b9e3-fece04d81cbd","ts":"2025-12-28T06:43:59.166-05:00","source":{"id":"0","name":"eventBus"}}
{"__type":"$$EventMessageWorkflow","id":"1968b417-7673-44bf-b5ad-9596d9ad4ac0","ts":"2025-12-28T06:44:00.078-05:00","eventName":"n8n.workflow.success","message":"n8n.workflow.success","payload":{"userId":"320a3f0c-72cf-4854-85b0-40af06954d1d","executionId":"623","success":true,"isManual":true,"workflowId":"bWF48OWHKGgpaQpr","workflowName":"Proyecto ITSI"}}
{"__type":"$$EventMessageConfirm","confirm":"1968b417-7673-44bf-b5ad-9596d9ad4ac0","ts":"2025-12-28T06:44:00.078-05:00","source":{"id":"0","name":"eventBus"}}
{"__type":"$$EventMessageAudit","id":"3d173bcf-1f2a-4051-a67b-40c42b139069","ts":"2025-12-28T06:44:15.765-05:00","eventName":"n8n.audit.workflow.updated","message":"n8n.audit.workflow.updated","payload":{"userId":"320a3f0c-72cf-4854-85b0-40af06954d1d","_email":"eim344@inlumine.ual.es","_firstName":"Esther","_lastName":"Ibáñez Mingorance","globalRole":"global:owner","workflowId":"bWF48OWHKGgpaQpr","workflowName":"Proyecto ITSI"}}
{"__type":"$$EventMessageConfirm","confirm":"3d173bcf-1f2a-4051-a67b-40c42b139069","ts":"2025-12-28T06:44:15.765-05:00","source":{"id":"0","name":"eventBus"}}
{"__type":"$$EventMessageWorkflow","id":"4576cf23-dfdf-4ad8-ac10-ca5358dfd935","ts":"2025-12-28T06:44:51.073-05:00","eventName":"n8n.workflow.started","message":"n8n.workflow.started","payload":{"executionId":"624","workflowId":"bWF48OWHKGgpaQpr","isManual":false,"workflowName":"Proyecto ITSI"}}
{"__type":"$$EventMessageConfirm","confirm":"4576cf23-dfdf-4ad8-ac10-ca5358dfd935","ts":"2025-12-28T06:44:51.074-05:00","source":{"id":"0","name":"eventBus"}}
{"__type":"$$EventMessageNode","id":"3cce8810-9cc4-429a-a631-5c649bfaeb73","ts":"2025-12-28T06:44:51.074-05:00","eventName":"n8n.node.started","message":"n8n.node.started","payload":{"workflowId":"bWF48OWHKGgpaQpr","workflowName":"Proyecto ITSI","executionId":"624","nodeType":"n8n-nodes-base.gmailTrigger","nodeName":"Gmail Trigger","nodeId":"10713d14-856d-4b97-8b53-9cfe29fab342"}}
{"__type":"$$EventMessageConfirm","confirm":"3cce8810-9cc4-429a-a631-5c649bfaeb73","ts":"2025-12-28T06:44:51.074-05:00","source":{"id":"0","name":"eventBus"}}
{"__type":"$$EventMessageWorkflow","id":"438b38c6-666f-4bae-861c-2b41c43386ca","ts":"2025-12-28T06:44:52.193-05:00","eventName":"n8n.workflow.success","message":"n8n.workflow.success","payload":{"userId":"320a3f0c-72cf-4854-85b0-40af06954d1d","executionId":"624","success":true,"isManual":true,"workflowId":"bWF48OWHKGgpaQpr","workflowName":"Proyecto ITSI"}}
{"__type":"$$EventMessageConfirm","confirm":"438b38c6-666f-4bae-861c-2b41c43386ca","ts":"2025-12-28T06:44:52.193-05:00","source":{"id":"0","name":"eventBus"}}
{"__type":"$$EventMessageAudit","id":"75f423fa-532b-4f68-b24f-1c54b65096f4","ts":"2025-12-28T06:44:56.706-05:00","eventName":"n8n.audit.workflow.updated","message":"n8n.audit.workflow.updated","payload":{"userId":"320a3f0c-72cf-4854-85b0-40af06954d1d","_email":"eim344@inlumine.ual.es","_firstName":"Esther","_lastName":"Ibáñez Mingorance","globalRole":"global:owner","workflowId":"bWF48OWHKGgpaQpr","workflowName":"Proyecto ITSI"}}
{"__type":"$$EventMessageConfirm","confirm":"75f423fa-532b-4f68-b24f-1c54b65096f4","ts":"2025-12-28T06:44:56.706-05:00","source":{"id":"0","name":"eventBus"}}
{"__type":"$$EventMessageWorkflow","id":"a30eb89b-b8a3-4a64-bfde-f869c65e1649","ts":"2025-12-28T06:45:17.846-05:00","eventName":"n8n.workflow.started","message":"n8n.workflow.started","payload":{"executionId":"625","workflowId":"bWF48OWHKGgpaQpr","isManual":false,"workflowName":"Proyecto ITSI"}}
{"__type":"$$EventMessageConfirm","confirm":"a30eb89b-b8a3-4a64-bfde-f869c65e1649","ts":"2025-12-28T06:45:17.846-05:00","source":{"id":"0","name":"eventBus"}}
{"__type":"$$EventMessageNode","id":"67a3e1ad-1178-4e7e-bee7-1b7d8c9628f3","ts":"2025-12-28T06:45:17.847-05:00","eventName":"n8n.node.started","message":"n8n.node.started","payload":{"workflowId":"bWF48OWHKGgpaQpr","workflowName":"Proyecto ITSI","executionId":"625","nodeType":"n8n-nodes-base.gmailTrigger","nodeName":"Gmail Trigger","nodeId":"10713d14-856d-4b97-8b53-9cfe29fab342"}}
{"__type":"$$EventMessageConfirm","confirm":"67a3e1ad-1178-4e7e-bee7-1b7d8c9628f3","ts":"2025-12-28T06:45:17.847-05:00","source":{"id":"0","name":"eventBus"}}
{"__type":"$$EventMessageNode","id":"c58ca6b6-7193-4989-95a2-3fe72caa0f85","ts":"2025-12-28T06:45:18.764-05:00","eventName":"n8n.node.finished","message":"n8n.node.finished","payload":{"workflowId":"bWF48OWHKGgpaQpr","workflowName":"Proyecto ITSI","executionId":"625","nodeType":"n8n-nodes-base.gmailTrigger","nodeName":"Gmail Trigger","nodeId":"10713d14-856d-4b97-8b53-9cfe29fab342"}}
{"__type":"$$EventMessageConfirm","confirm":"c58ca6b6-7193-4989-95a2-3fe72caa0f85","ts":"2025-12-28T06:45:18.764-05:00","source":{"id":"0","name":"eventBus"}}
{"__type":"$$EventMessageNode","id":"dac4abe5-f2ec-4ce8-b6b9-0beeba7ff423","ts":"2025-12-28T06:45:18.765-05:00","eventName":"n8n.node.started","message":"n8n.node.started","payload":{"workflowId":"bWF48OWHKGgpaQpr","workflowName":"Proyecto ITSI","executionId":"625","nodeType":"@n8n/n8n-nodes-langchain.googleGemini","nodeName":"Message a model","nodeId":"9542e2fc-24b7-4fb1-8601-1ad86f37613f"}}
{"__type":"$$EventMessageConfirm","confirm":"dac4abe5-f2ec-4ce8-b6b9-0beeba7ff423","ts":"2025-12-28T06:45:18.765-05:00","source":{"id":"0","name":"eventBus"}}
{"__type":"$$EventMessageNode","id":"0b0fc94a-b15c-4d62-9930-67ac8ae70b76","ts":"2025-12-28T06:45:21.389-05:00","eventName":"n8n.node.finished","message":"n8n.node.finished","payload":{"workflowId":"bWF48OWHKGgpaQpr","workflowName":"Proyecto ITSI","executionId":"625","nodeType":"@n8n/n8n-nodes-langchain.googleGemini","nodeName":"Message a model","nodeId":"9542e2fc-24b7-4fb1-8601-1ad86f37613f"}}
{"__type":"$$EventMessageConfirm","confirm":"0b0fc94a-b15c-4d62-9930-67ac8ae70b76","ts":"2025-12-28T06:45:21.389-05:00","source":{"id":"0","name":"eventBus"}}
{"__type":"$$EventMessageNode","id":"11da17b2-a514-439a-826c-ab42cec4829c","ts":"2025-12-28T06:45:21.390-05:00","eventName":"n8n.node.started","message":"n8n.node.started","payload":{"workflowId":"bWF48OWHKGgpaQpr","workflowName":"Proyecto ITSI","executionId":"625","nodeType":"n8n-nodes-base.set","nodeName":"Edit Fields1","nodeId":"7d2ec8dd-8f9a-4a0f-adcc-d6a22c674061"}}
{"__type":"$$EventMessageConfirm","confirm":"11da17b2-a514-439a-826c-ab42cec4829c","ts":"2025-12-28T06:45:21.391-05:00","source":{"id":"0","name":"eventBus"}}
{"__type":"$$EventMessageNode","id":"e6236529-4e71-4860-bf30-99622e0de8cd","ts":"2025-12-28T06:45:21.399-05:00","eventName":"n8n.node.finished","message":"n8n.node.finished","payload":{"workflowId":"bWF48OWHKGgpaQpr","workflowName":"Proyecto ITSI","executionId":"625","nodeType":"n8n-nodes-base.set","nodeName":"Edit Fields1","nodeId":"7d2ec8dd-8f9a-4a0f-adcc-d6a22c674061"}}
{"__type":"$$EventMessageConfirm","confirm":"e6236529-4e71-4860-bf30-99622e0de8cd","ts":"2025-12-28T06:45:21.399-05:00","source":{"id":"0","name":"eventBus"}}
{"__type":"$$EventMessageNode","id":"5c217867-c117-4ca8-9d28-1e1b22b67a1a","ts":"2025-12-28T06:45:21.400-05:00","eventName":"n8n.node.started","message":"n8n.node.started","payload":{"workflowId":"bWF48OWHKGgpaQpr","workflowName":"Proyecto ITSI","executionId":"625","nodeType":"n8n-nodes-base.postgres","nodeName":"Execute a SQL query","nodeId":"a7d8b01a-13bb-4edc-9d69-2a15dcfa654e"}}
{"__type":"$$EventMessageConfirm","confirm":"5c217867-c117-4ca8-9d28-1e1b22b67a1a","ts":"2025-12-28T06:45:21.400-05:00","source":{"id":"0","name":"eventBus"}}
{"__type":"$$EventMessageNode","id":"4e543128-b3b8-40a4-9b41-fca75a6c07f2","ts":"2025-12-28T06:45:21.430-05:00","eventName":"n8n.node.finished","message":"n8n.node.finished","payload":{"workflowId":"bWF48OWHKGgpaQpr","workflowName":"Proyecto ITSI","executionId":"625","nodeType":"n8n-nodes-base.postgres","nodeName":"Execute a SQL query","nodeId":"a7d8b01a-13bb-4edc-9d69-2a15dcfa654e"}}
{"__type":"$$EventMessageConfirm","confirm":"4e543128-b3b8-40a4-9b41-fca75a6c07f2","ts":"2025-12-28T06:45:21.430-05:00","source":{"id":"0","name":"eventBus"}}
{"__type":"$$EventMessageNode","id":"75fe50be-b818-41a2-a985-70d313dc2794","ts":"2025-12-28T06:45:21.431-05:00","eventName":"n8n.node.started","message":"n8n.node.started","payload":{"workflowId":"bWF48OWHKGgpaQpr","workflowName":"Proyecto ITSI","executionId":"625","nodeType":"n8n-nodes-base.if","nodeName":"If","nodeId":"c901c88a-ac87-4503-9609-80e74050f0cc"}}
{"__type":"$$EventMessageConfirm","confirm":"75fe50be-b818-41a2-a985-70d313dc2794","ts":"2025-12-28T06:45:21.431-05:00","source":{"id":"0","name":"eventBus"}}
{"__type":"$$EventMessageNode","id":"2237b6c8-6db9-4e84-81f2-0e2229705bb8","ts":"2025-12-28T06:45:21.433-05:00","eventName":"n8n.node.finished","message":"n8n.node.finished","payload":{"workflowId":"bWF48OWHKGgpaQpr","workflowName":"Proyecto ITSI","executionId":"625","nodeType":"n8n-nodes-base.if","nodeName":"If","nodeId":"c901c88a-ac87-4503-9609-80e74050f0cc"}}
{"__type":"$$EventMessageConfirm","confirm":"2237b6c8-6db9-4e84-81f2-0e2229705bb8","ts":"2025-12-28T06:45:21.433-05:00","source":{"id":"0","name":"eventBus"}}
{"__type":"$$EventMessageNode","id":"f8fb826b-85c4-4cba-bdb5-5203bcf854a4","ts":"2025-12-28T06:45:21.433-05:00","eventName":"n8n.node.started","message":"n8n.node.started","payload":{"workflowId":"bWF48OWHKGgpaQpr","workflowName":"Proyecto ITSI","executionId":"625","nodeType":"n8n-nodes-base.set","nodeName":"Edit Fields2","nodeId":"ddca281d-98d0-48aa-8b79-9bae94fd0f78"}}
{"__type":"$$EventMessageConfirm","confirm":"f8fb826b-85c4-4cba-bdb5-5203bcf854a4","ts":"2025-12-28T06:45:21.434-05:00","source":{"id":"0","name":"eventBus"}}
{"__type":"$$EventMessageNode","id":"d61745dd-89bf-493c-9f42-d3bc604c204d","ts":"2025-12-28T06:45:21.437-05:00","eventName":"n8n.node.finished","message":"n8n.node.finished","payload":{"workflowId":"bWF48OWHKGgpaQpr","workflowName":"Proyecto ITSI","executionId":"625","nodeType":"n8n-nodes-base.set","nodeName":"Edit Fields2","nodeId":"ddca281d-98d0-48aa-8b79-9bae94fd0f78"}}
{"__type":"$$EventMessageConfirm","confirm":"d61745dd-89bf-493c-9f42-d3bc604c204d","ts":"2025-12-28T06:45:21.437-05:00","source":{"id":"0","name":"eventBus"}}
{"__type":"$$EventMessageNode","id":"6c4c3f6f-75bb-42a8-a3d6-a4b217f76019","ts":"2025-12-28T06:45:21.439-05:00","eventName":"n8n.node.started","message":"n8n.node.started","payload":{"workflowId":"bWF48OWHKGgpaQpr","workflowName":"Proyecto ITSI","executionId":"625","nodeType":"n8n-nodes-base.postgres","nodeName":"Insert rows in a table","nodeId":"dbe924f9-3e3d-4ad0-a8a2-0b1aba6f102e"}}
{"__type":"$$EventMessageConfirm","confirm":"6c4c3f6f-75bb-42a8-a3d6-a4b217f76019","ts":"2025-12-28T06:45:21.439-05:00","source":{"id":"0","name":"eventBus"}}
{"__type":"$$EventMessageNode","id":"0cf42cd5-e436-46e2-a387-1906bb95947b","ts":"2025-12-28T06:45:21.475-05:00","eventName":"n8n.node.finished","message":"n8n.node.finished","payload":{"workflowId":"bWF48OWHKGgpaQpr","workflowName":"Proyecto ITSI","executionId":"625","nodeType":"n8n-nodes-base.postgres","nodeName":"Insert rows in a table","nodeId":"dbe924f9-3e3d-4ad0-a8a2-0b1aba6f102e"}}
{"__type":"$$EventMessageConfirm","confirm":"0cf42cd5-e436-46e2-a387-1906bb95947b","ts":"2025-12-28T06:45:21.475-05:00","source":{"id":"0","name":"eventBus"}}
{"__type":"$$EventMessageNode","id":"b56a9f8c-c5cd-493a-8fae-35fa5541868b","ts":"2025-12-28T06:45:21.476-05:00","eventName":"n8n.node.started","message":"n8n.node.started","payload":{"workflowId":"bWF48OWHKGgpaQpr","workflowName":"Proyecto ITSI","executionId":"625","nodeType":"n8n-nodes-base.switch","nodeName":"Switch","nodeId":"1c9cb01e-8c4b-49c1-a552-3afb7e34c563"}}
{"__type":"$$EventMessageConfirm","confirm":"b56a9f8c-c5cd-493a-8fae-35fa5541868b","ts":"2025-12-28T06:45:21.476-05:00","source":{"id":"0","name":"eventBus"}}
{"__type":"$$EventMessageNode","id":"fadc972f-8794-4d1f-929e-9906805bf239","ts":"2025-12-28T06:45:21.479-05:00","eventName":"n8n.node.finished","message":"n8n.node.finished","payload":{"workflowId":"bWF48OWHKGgpaQpr","workflowName":"Proyecto ITSI","executionId":"625","nodeType":"n8n-nodes-base.switch","nodeName":"Switch","nodeId":"1c9cb01e-8c4b-49c1-a552-3afb7e34c563"}}
{"__type":"$$EventMessageConfirm","confirm":"fadc972f-8794-4d1f-929e-9906805bf239","ts":"2025-12-28T06:45:21.479-05:00","source":{"id":"0","name":"eventBus"}}
{"__type":"$$EventMessageNode","id":"6d88bc34-60cc-4fc9-b139-e55afe431e30","ts":"2025-12-28T06:45:21.480-05:00","eventName":"n8n.node.started","message":"n8n.node.started","payload":{"workflowId":"bWF48OWHKGgpaQpr","workflowName":"Proyecto ITSI","executionId":"625","nodeType":"n8n-nodes-base.rabbitmq","nodeName":"RabbitMQ1","nodeId":"fa41be98-5726-4e09-a668-22225bce0c23"}}
{"__type":"$$EventMessageConfirm","confirm":"6d88bc34-60cc-4fc9-b139-e55afe431e30","ts":"2025-12-28T06:45:21.480-05:00","source":{"id":"0","name":"eventBus"}}
{"__type":"$$EventMessageNode","id":"261b5ec7-d22e-474b-b6cb-75c4dcc8a680","ts":"2025-12-28T06:45:21.612-05:00","eventName":"n8n.node.finished","message":"n8n.node.finished","payload":{"workflowId":"bWF48OWHKGgpaQpr","workflowName":"Proyecto ITSI","executionId":"625","nodeType":"n8n-nodes-base.rabbitmq","nodeName":"RabbitMQ1","nodeId":"fa41be98-5726-4e09-a668-22225bce0c23"}}
{"__type":"$$EventMessageConfirm","confirm":"261b5ec7-d22e-474b-b6cb-75c4dcc8a680","ts":"2025-12-28T06:45:21.612-05:00","source":{"id":"0","name":"eventBus"}}
{"__type":"$$EventMessageNode","id":"8377dd32-3b53-4067-9663-3255d20fff64","ts":"2025-12-28T06:45:21.615-05:00","eventName":"n8n.node.started","message":"n8n.node.started","payload":{"workflowId":"bWF48OWHKGgpaQpr","workflowName":"Proyecto ITSI","executionId":"625","nodeType":"n8n-nodes-base.merge","nodeName":"Merge","nodeId":"a81a74e1-b293-4e5a-9029-dd939bc41194"}}
{"__type":"$$EventMessageConfirm","confirm":"8377dd32-3b53-4067-9663-3255d20fff64","ts":"2025-12-28T06:45:21.615-05:00","source":{"id":"0","name":"eventBus"}}
{"__type":"$$EventMessageNode","id":"b33d3f3c-f90b-487e-8418-290b09a20018","ts":"2025-12-28T06:45:21.618-05:00","eventName":"n8n.node.finished","message":"n8n.node.finished","payload":{"workflowId":"bWF48OWHKGgpaQpr","workflowName":"Proyecto ITSI","executionId":"625","nodeType":"n8n-nodes-base.merge","nodeName":"Merge","nodeId":"a81a74e1-b293-4e5a-9029-dd939bc41194"}}
{"__type":"$$EventMessageConfirm","confirm":"b33d3f3c-f90b-487e-8418-290b09a20018","ts":"2025-12-28T06:45:21.619-05:00","source":{"id":"0","name":"eventBus"}}
{"__type":"$$EventMessageNode","id":"3f663967-aed2-4c10-8036-75c787ec7fdc","ts":"2025-12-28T06:45:21.626-05:00","eventName":"n8n.node.started","message":"n8n.node.started","payload":{"workflowId":"bWF48OWHKGgpaQpr","workflowName":"Proyecto ITSI","executionId":"625","nodeType":"n8n-nodes-base.set","nodeName":"Edit Fields3","nodeId":"0ad0c19d-ee51-41da-894a-8d08eaa8e045"}}
{"__type":"$$EventMessageConfirm","confirm":"3f663967-aed2-4c10-8036-75c787ec7fdc","ts":"2025-12-28T06:45:21.626-05:00","source":{"id":"0","name":"eventBus"}}
{"__type":"$$EventMessageNode","id":"c71a86f1-1a8a-461b-abb3-799408e532db","ts":"2025-12-28T06:45:21.632-05:00","eventName":"n8n.node.finished","message":"n8n.node.finished","payload":{"workflowId":"bWF48OWHKGgpaQpr","workflowName":"Proyecto ITSI","executionId":"625","nodeType":"n8n-nodes-base.set","nodeName":"Edit Fields3","nodeId":"0ad0c19d-ee51-41da-894a-8d08eaa8e045"}}
{"__type":"$$EventMessageConfirm","confirm":"c71a86f1-1a8a-461b-abb3-799408e532db","ts":"2025-12-28T06:45:21.632-05:00","source":{"id":"0","name":"eventBus"}}
{"__type":"$$EventMessageNode","id":"557e526a-77c4-47d4-bbac-7e20530e5b9c","ts":"2025-12-28T06:45:21.634-05:00","eventName":"n8n.node.started","message":"n8n.node.started","payload":{"workflowId":"bWF48OWHKGgpaQpr","workflowName":"Proyecto ITSI","executionId":"625","nodeType":"n8n-nodes-base.executeWorkflow","nodeName":"Call 'Sub-flujo: Notificar Cliente'","nodeId":"ed356c56-0f3e-45d4-9e88-c7cddcdbf041"}}
{"__type":"$$EventMessageConfirm","confirm":"557e526a-77c4-47d4-bbac-7e20530e5b9c","ts":"2025-12-28T06:45:21.634-05:00","source":{"id":"0","name":"eventBus"}}
{"__type":"$$EventMessageWorkflow","id":"262f6c92-2c14-4459-bbb5-e00a8a1dd497","ts":"2025-12-28T06:45:21.768-05:00","eventName":"n8n.workflow.started","message":"n8n.workflow.started","payload":{"executionId":"626","workflowId":"AoZcm6aV9HfMQcdz","isManual":false,"workflowName":"Sub-flujo: Notificar Cliente"}}
{"__type":"$$EventMessageConfirm","confirm":"262f6c92-2c14-4459-bbb5-e00a8a1dd497","ts":"2025-12-28T06:45:21.768-05:00","source":{"id":"0","name":"eventBus"}}
{"__type":"$$EventMessageNode","id":"371ff1b9-b347-4d23-9570-f2c8f5241e8c","ts":"2025-12-28T06:45:21.768-05:00","eventName":"n8n.node.started","message":"n8n.node.started","payload":{"workflowId":"AoZcm6aV9HfMQcdz","workflowName":"Sub-flujo: Notificar Cliente","executionId":"626","nodeType":"n8n-nodes-base.executeWorkflowTrigger","nodeName":"When Executed by Another Workflow","nodeId":"3dd51426-6bd0-4529-82b9-babb26538611"}}
{"__type":"$$EventMessageConfirm","confirm":"371ff1b9-b347-4d23-9570-f2c8f5241e8c","ts":"2025-12-28T06:45:21.769-05:00","source":{"id":"0","name":"eventBus"}}
{"__type":"$$EventMessageNode","id":"6dc390b4-2767-430c-877d-3a492abad7d4","ts":"2025-12-28T06:45:21.769-05:00","eventName":"n8n.node.finished","message":"n8n.node.finished","payload":{"workflowId":"AoZcm6aV9HfMQcdz","workflowName":"Sub-flujo: Notificar Cliente","executionId":"626","nodeType":"n8n-nodes-base.executeWorkflowTrigger","nodeName":"When Executed by Another Workflow","nodeId":"3dd51426-6bd0-4529-82b9-babb26538611"}}
{"__type":"$$EventMessageConfirm","confirm":"6dc390b4-2767-430c-877d-3a492abad7d4","ts":"2025-12-28T06:45:21.769-05:00","source":{"id":"0","name":"eventBus"}}
{"__type":"$$EventMessageNode","id":"450dc405-b68d-4a05-a40f-f4fedac878ad","ts":"2025-12-28T06:45:21.770-05:00","eventName":"n8n.node.started","message":"n8n.node.started","payload":{"workflowId":"AoZcm6aV9HfMQcdz","workflowName":"Sub-flujo: Notificar Cliente","executionId":"626","nodeType":"n8n-nodes-base.gmail","nodeName":"Send a message","nodeId":"d83e6ba7-6371-4418-bcfb-b19ecb985743"}}
{"__type":"$$EventMessageConfirm","confirm":"450dc405-b68d-4a05-a40f-f4fedac878ad","ts":"2025-12-28T06:45:21.770-05:00","source":{"id":"0","name":"eventBus"}}
{"__type":"$$EventMessageNode","id":"a5fc85cc-5bee-4b7f-ad4c-57eedcfff83b","ts":"2025-12-28T06:45:22.330-05:00","eventName":"n8n.node.finished","message":"n8n.node.finished","payload":{"workflowId":"AoZcm6aV9HfMQcdz","workflowName":"Sub-flujo: Notificar Cliente","executionId":"626","nodeType":"n8n-nodes-base.gmail","nodeName":"Send a message","nodeId":"d83e6ba7-6371-4418-bcfb-b19ecb985743"}}
{"__type":"$$EventMessageConfirm","confirm":"a5fc85cc-5bee-4b7f-ad4c-57eedcfff83b","ts":"2025-12-28T06:45:22.330-05:00","source":{"id":"0","name":"eventBus"}}
{"__type":"$$EventMessageWorkflow","id":"abf08130-82e1-4f5f-b017-1fce7c5fe0ae","ts":"2025-12-28T06:45:22.330-05:00","eventName":"n8n.workflow.success","message":"n8n.workflow.success","payload":{"userId":"320a3f0c-72cf-4854-85b0-40af06954d1d","executionId":"626","success":true,"isManual":false,"workflowId":"AoZcm6aV9HfMQcdz","workflowName":"Sub-flujo: Notificar Cliente"}}
{"__type":"$$EventMessageConfirm","confirm":"abf08130-82e1-4f5f-b017-1fce7c5fe0ae","ts":"2025-12-28T06:45:22.330-05:00","source":{"id":"0","name":"eventBus"}}
{"__type":"$$EventMessageNode","id":"584963e7-467d-4135-89d9-acb356fceaa6","ts":"2025-12-28T06:45:22.416-05:00","eventName":"n8n.node.finished","message":"n8n.node.finished","payload":{"workflowId":"bWF48OWHKGgpaQpr","workflowName":"Proyecto ITSI","executionId":"625","nodeType":"n8n-nodes-base.executeWorkflow","nodeName":"Call 'Sub-flujo: Notificar Cliente'","nodeId":"ed356c56-0f3e-45d4-9e88-c7cddcdbf041"}}
{"__type":"$$EventMessageConfirm","confirm":"584963e7-467d-4135-89d9-acb356fceaa6","ts":"2025-12-28T06:45:22.416-05:00","source":{"id":"0","name":"eventBus"}}
{"__type":"$$EventMessageWorkflow","id":"5cf0ab09-d737-40d6-86f9-7b93f7055d9f","ts":"2025-12-28T06:45:22.421-05:00","eventName":"n8n.workflow.success","message":"n8n.workflow.success","payload":{"userId":"320a3f0c-72cf-4854-85b0-40af06954d1d","executionId":"625","success":true,"isManual":true,"workflowId":"bWF48OWHKGgpaQpr","workflowName":"Proyecto ITSI"}}
{"__type":"$$EventMessageConfirm","confirm":"5cf0ab09-d737-40d6-86f9-7b93f7055d9f","ts":"2025-12-28T06:45:22.421-05:00","source":{"id":"0","name":"eventBus"}}
{"__type":"$$EventMessageWorkflow","id":"4e9b1494-4ece-433a-bad5-f054a4a2dc34","ts":"2025-12-28T06:48:51.811-05:00","eventName":"n8n.workflow.started","message":"n8n.workflow.started","payload":{"executionId":"627","workflowId":"bWF48OWHKGgpaQpr","isManual":false,"workflowName":"Proyecto ITSI"}}
{"__type":"$$EventMessageConfirm","confirm":"4e9b1494-4ece-433a-bad5-f054a4a2dc34","ts":"2025-12-28T06:48:51.812-05:00","source":{"id":"0","name":"eventBus"}}
{"__type":"$$EventMessageNode","id":"1b6c6d92-6f86-4369-abf6-66045f5dcd0e","ts":"2025-12-28T06:48:51.813-05:00","eventName":"n8n.node.started","message":"n8n.node.started","payload":{"workflowId":"bWF48OWHKGgpaQpr","workflowName":"Proyecto ITSI","executionId":"627","nodeType":"n8n-nodes-base.rabbitmq","nodeName":"RabbitMQ1","nodeId":"fa41be98-5726-4e09-a668-22225bce0c23"}}
{"__type":"$$EventMessageConfirm","confirm":"1b6c6d92-6f86-4369-abf6-66045f5dcd0e","ts":"2025-12-28T06:48:51.813-05:00","source":{"id":"0","name":"eventBus"}}
{"__type":"$$EventMessageNode","id":"d1f49b9a-5172-4e1f-8157-9ff94bb5a897","ts":"2025-12-28T06:48:51.947-05:00","eventName":"n8n.node.finished","message":"n8n.node.finished","payload":{"workflowId":"bWF48OWHKGgpaQpr","workflowName":"Proyecto ITSI","executionId":"627","nodeType":"n8n-nodes-base.rabbitmq","nodeName":"RabbitMQ1","nodeId":"fa41be98-5726-4e09-a668-22225bce0c23"}}
{"__type":"$$EventMessageConfirm","confirm":"d1f49b9a-5172-4e1f-8157-9ff94bb5a897","ts":"2025-12-28T06:48:51.948-05:00","source":{"id":"0","name":"eventBus"}}
{"__type":"$$EventMessageWorkflow","id":"c2801c65-4633-48b9-8877-3e04057d2b2f","ts":"2025-12-28T06:48:51.959-05:00","eventName":"n8n.workflow.success","message":"n8n.workflow.success","payload":{"userId":"320a3f0c-72cf-4854-85b0-40af06954d1d","executionId":"627","success":true,"isManual":true,"workflowId":"bWF48OWHKGgpaQpr","workflowName":"Proyecto ITSI"}}
{"__type":"$$EventMessageConfirm","confirm":"c2801c65-4633-48b9-8877-3e04057d2b2f","ts":"2025-12-28T06:48:51.959-05:00","source":{"id":"0","name":"eventBus"}}
{"__type":"$$EventMessageWorkflow","id":"7dca44d7-ff9d-451e-9647-ee20c5dd7e3d","ts":"2025-12-28T06:49:15.815-05:00","eventName":"n8n.workflow.started","message":"n8n.workflow.started","payload":{"executionId":"628","workflowId":"bWF48OWHKGgpaQpr","isManual":false,"workflowName":"Proyecto ITSI"}}
{"__type":"$$EventMessageConfirm","confirm":"7dca44d7-ff9d-451e-9647-ee20c5dd7e3d","ts":"2025-12-28T06:49:15.815-05:00","source":{"id":"0","name":"eventBus"}}
{"__type":"$$EventMessageNode","id":"f993b28c-71fb-4e22-833e-ca2fad5d6fc5","ts":"2025-12-28T06:49:15.816-05:00","eventName":"n8n.node.started","message":"n8n.node.started","payload":{"workflowId":"bWF48OWHKGgpaQpr","workflowName":"Proyecto ITSI","executionId":"628","nodeType":"n8n-nodes-base.rabbitmq","nodeName":"RabbitMQ1","nodeId":"fa41be98-5726-4e09-a668-22225bce0c23"}}
{"__type":"$$EventMessageConfirm","confirm":"f993b28c-71fb-4e22-833e-ca2fad5d6fc5","ts":"2025-12-28T06:49:15.817-05:00","source":{"id":"0","name":"eventBus"}}
{"__type":"$$EventMessageNode","id":"1dfa258f-17af-4793-8a5f-4a15925fea0d","ts":"2025-12-28T06:49:15.920-05:00","eventName":"n8n.node.finished","message":"n8n.node.finished","payload":{"workflowId":"bWF48OWHKGgpaQpr","workflowName":"Proyecto ITSI","executionId":"628","nodeType":"n8n-nodes-base.rabbitmq","nodeName":"RabbitMQ1","nodeId":"fa41be98-5726-4e09-a668-22225bce0c23"}}
{"__type":"$$EventMessageConfirm","confirm":"1dfa258f-17af-4793-8a5f-4a15925fea0d","ts":"2025-12-28T06:49:15.920-05:00","source":{"id":"0","name":"eventBus"}}
{"__type":"$$EventMessageWorkflow","id":"9ac4ed85-ecc4-4924-a1f2-c98fa0479a78","ts":"2025-12-28T06:49:15.931-05:00","eventName":"n8n.workflow.success","message":"n8n.workflow.success","payload":{"userId":"320a3f0c-72cf-4854-85b0-40af06954d1d","executionId":"628","success":true,"isManual":true,"workflowId":"bWF48OWHKGgpaQpr","workflowName":"Proyecto ITSI"}}
{"__type":"$$EventMessageConfirm","confirm":"9ac4ed85-ecc4-4924-a1f2-c98fa0479a78","ts":"2025-12-28T06:49:15.931-05:00","source":{"id":"0","name":"eventBus"}}
