{"__type":"$$EventMessageAudit","id":"95aca6e0-cc07-42b5-a32f-0c449aa4aa95","ts":"2026-01-03T16:29:43.495+00:00","eventName":"n8n.audit.workflow.updated","message":"n8n.audit.workflow.updated","payload":{"userId":"320a3f0c-72cf-4854-85b0-40af06954d1d","_email":"eim344@inlumine.ual.es","_firstName":"Esther","_lastName":"Ibáñez Mingorance","globalRole":"global:owner","workflowId":"bWF48OWHKGgpaQpr","workflowName":"Proyecto ITSI"}}
{"__type":"$$EventMessageConfirm","confirm":"95aca6e0-cc07-42b5-a32f-0c449aa4aa95","ts":"2026-01-03T16:29:43.498+00:00","source":{"id":"0","name":"eventBus"}}
{"__type":"$$EventMessageWorkflow","id":"80d0afd3-1595-42e9-ac5d-f26d27acbd62","ts":"2026-01-03T16:31:55.960+00:00","eventName":"n8n.workflow.started","message":"n8n.workflow.started","payload":{"executionId":"629","workflowId":"bWF48OWHKGgpaQpr","isManual":false,"workflowName":"Proyecto ITSI"}}
{"__type":"$$EventMessageConfirm","confirm":"80d0afd3-1595-42e9-ac5d-f26d27acbd62","ts":"2026-01-03T16:31:55.961+00:00","source":{"id":"0","name":"eventBus"}}
{"__type":"$$EventMessageNode","id":"2a793053-22b3-4c60-b122-846a38a3c45c","ts":"2026-01-03T16:31:55.965+00:00","eventName":"n8n.node.started","message":"n8n.node.started","payload":{"workflowId":"bWF48OWHKGgpaQpr","workflowName":"Proyecto ITSI","executionId":"629","nodeType":"n8n-nodes-base.gmailTrigger","nodeName":"Gmail Trigger","nodeId":"10713d14-856d-4b97-8b53-9cfe29fab342"}}
{"__type":"$$EventMessageConfirm","confirm":"2a793053-22b3-4c60-b122-846a38a3c45c","ts":"2026-01-03T16:31:55.965+00:00","source":{"id":"0","name":"eventBus"}}
{"__type":"$$EventMessageNode","id":"3caf5cf3-d729-410e-9979-03614748c8be","ts":"2026-01-03T16:31:56.433+00:00","eventName":"n8n.node.finished","message":"n8n.node.finished","payload":{"workflowId":"bWF48OWHKGgpaQpr","workflowName":"Proyecto ITSI","executionId":"629","nodeType":"n8n-nodes-base.gmailTrigger","nodeName":"Gmail Trigger","nodeId":"10713d14-856d-4b97-8b53-9cfe29fab342"}}
{"__type":"$$EventMessageConfirm","confirm":"3caf5cf3-d729-410e-9979-03614748c8be","ts":"2026-01-03T16:31:56.434+00:00","source":{"id":"0","name":"eventBus"}}
{"__type":"$$EventMessageWorkflow","id":"0bb1de10-119d-4aa6-bfde-4cf11025f3d1","ts":"2026-01-03T16:31:56.448+00:00","eventName":"n8n.workflow.failed","message":"n8n.workflow.failed","payload":{"userId":"320a3f0c-72cf-4854-85b0-40af06954d1d","executionId":"629","success":false,"isManual":true,"workflowId":"bWF48OWHKGgpaQpr","workflowName":"Proyecto ITSI","lastNodeExecuted":"Gmail Trigger","errorNodeType":"n8n-nodes-base.gmailTrigger","errorMessage":"The provided authorization grant (e.g., authorization code, resource owner credentials) or refresh token is invalid, expired, revoked, does not match the redirection URI used in the authorization request, or was issued to another client."}}
{"__type":"$$EventMessageConfirm","confirm":"0bb1de10-119d-4aa6-bfde-4cf11025f3d1","ts":"2026-01-03T16:31:56.449+00:00","source":{"id":"0","name":"eventBus"}}
{"__type":"$$EventMessageWorkflow","id":"dcf69ed8-8c9f-4620-aba9-c348e38f6f28","ts":"2026-01-03T16:32:06.825+00:00","eventName":"n8n.workflow.started","message":"n8n.workflow.started","payload":{"executionId":"630","workflowId":"bWF48OWHKGgpaQpr","isManual":false,"workflowName":"Proyecto ITSI"}}
{"__type":"$$EventMessageConfirm","confirm":"dcf69ed8-8c9f-4620-aba9-c348e38f6f28","ts":"2026-01-03T16:32:06.825+00:00","source":{"id":"0","name":"eventBus"}}
{"__type":"$$EventMessageNode","id":"cdb668ba-83e2-4b1b-8348-bd45c4648a00","ts":"2026-01-03T16:32:06.827+00:00","eventName":"n8n.node.started","message":"n8n.node.started","payload":{"workflowId":"bWF48OWHKGgpaQpr","workflowName":"Proyecto ITSI","executionId":"630","nodeType":"n8n-nodes-base.gmailTrigger","nodeName":"Gmail Trigger","nodeId":"10713d14-856d-4b97-8b53-9cfe29fab342"}}
{"__type":"$$EventMessageConfirm","confirm":"cdb668ba-83e2-4b1b-8348-bd45c4648a00","ts":"2026-01-03T16:32:06.827+00:00","source":{"id":"0","name":"eventBus"}}
{"__type":"$$EventMessageNode","id":"35bb2f99-de2f-4538-ab5f-3b502820686f","ts":"2026-01-03T16:32:07.147+00:00","eventName":"n8n.node.finished","message":"n8n.node.finished","payload":{"workflowId":"bWF48OWHKGgpaQpr","workflowName":"Proyecto ITSI","executionId":"630","nodeType":"n8n-nodes-base.gmailTrigger","nodeName":"Gmail Trigger","nodeId":"10713d14-856d-4b97-8b53-9cfe29fab342"}}
{"__type":"$$EventMessageConfirm","confirm":"35bb2f99-de2f-4538-ab5f-3b502820686f","ts":"2026-01-03T16:32:07.147+00:00","source":{"id":"0","name":"eventBus"}}
{"__type":"$$EventMessageWorkflow","id":"150e2fcd-bce7-4273-b391-36c156b2aa37","ts":"2026-01-03T16:32:07.154+00:00","eventName":"n8n.workflow.failed","message":"n8n.workflow.failed","payload":{"userId":"320a3f0c-72cf-4854-85b0-40af06954d1d","executionId":"630","success":false,"isManual":true,"workflowId":"bWF48OWHKGgpaQpr","workflowName":"Proyecto ITSI","lastNodeExecuted":"Gmail Trigger","errorNodeType":"n8n-nodes-base.gmailTrigger","errorMessage":"The provided authorization grant (e.g., authorization code, resource owner credentials) or refresh token is invalid, expired, revoked, does not match the redirection URI used in the authorization request, or was issued to another client."}}
{"__type":"$$EventMessageConfirm","confirm":"150e2fcd-bce7-4273-b391-36c156b2aa37","ts":"2026-01-03T16:32:07.154+00:00","source":{"id":"0","name":"eventBus"}}
{"__type":"$$EventMessageWorkflow","id":"1a001fb8-3a75-4082-bff8-214a24576c6f","ts":"2026-01-03T16:32:25.869+00:00","eventName":"n8n.workflow.started","message":"n8n.workflow.started","payload":{"executionId":"631","workflowId":"bWF48OWHKGgpaQpr","isManual":false,"workflowName":"Proyecto ITSI"}}
{"__type":"$$EventMessageConfirm","confirm":"1a001fb8-3a75-4082-bff8-214a24576c6f","ts":"2026-01-03T16:32:25.869+00:00","source":{"id":"0","name":"eventBus"}}
{"__type":"$$EventMessageNode","id":"67be1aef-106f-47bb-adb3-b43ff7efb999","ts":"2026-01-03T16:32:25.870+00:00","eventName":"n8n.node.started","message":"n8n.node.started","payload":{"workflowId":"bWF48OWHKGgpaQpr","workflowName":"Proyecto ITSI","executionId":"631","nodeType":"n8n-nodes-base.gmailTrigger","nodeName":"Gmail Trigger","nodeId":"10713d14-856d-4b97-8b53-9cfe29fab342"}}
{"__type":"$$EventMessageConfirm","confirm":"67be1aef-106f-47bb-adb3-b43ff7efb999","ts":"2026-01-03T16:32:25.870+00:00","source":{"id":"0","name":"eventBus"}}
{"__type":"$$EventMessageNode","id":"e79a6c2d-33d7-4c15-9cd1-334a140e2a0b","ts":"2026-01-03T16:32:26.189+00:00","eventName":"n8n.node.finished","message":"n8n.node.finished","payload":{"workflowId":"bWF48OWHKGgpaQpr","workflowName":"Proyecto ITSI","executionId":"631","nodeType":"n8n-nodes-base.gmailTrigger","nodeName":"Gmail Trigger","nodeId":"10713d14-856d-4b97-8b53-9cfe29fab342"}}
{"__type":"$$EventMessageConfirm","confirm":"e79a6c2d-33d7-4c15-9cd1-334a140e2a0b","ts":"2026-01-03T16:32:26.189+00:00","source":{"id":"0","name":"eventBus"}}
{"__type":"$$EventMessageWorkflow","id":"6fe51beb-241e-4c86-92d2-8a9d0a39396c","ts":"2026-01-03T16:32:26.195+00:00","eventName":"n8n.workflow.failed","message":"n8n.workflow.failed","payload":{"userId":"320a3f0c-72cf-4854-85b0-40af06954d1d","executionId":"631","success":false,"isManual":true,"workflowId":"bWF48OWHKGgpaQpr","workflowName":"Proyecto ITSI","lastNodeExecuted":"Gmail Trigger","errorNodeType":"n8n-nodes-base.gmailTrigger","errorMessage":"The provided authorization grant (e.g., authorization code, resource owner credentials) or refresh token is invalid, expired, revoked, does not match the redirection URI used in the authorization request, or was issued to another client."}}
{"__type":"$$EventMessageConfirm","confirm":"6fe51beb-241e-4c86-92d2-8a9d0a39396c","ts":"2026-01-03T16:32:26.195+00:00","source":{"id":"0","name":"eventBus"}}
{"__type":"$$EventMessageWorkflow","id":"8a22c499-f7cf-4429-b431-7bf5497ddd7b","ts":"2026-01-03T16:32:59.361+00:00","eventName":"n8n.workflow.started","message":"n8n.workflow.started","payload":{"executionId":"632","workflowId":"bWF48OWHKGgpaQpr","isManual":false,"workflowName":"Proyecto ITSI"}}
{"__type":"$$EventMessageConfirm","confirm":"8a22c499-f7cf-4429-b431-7bf5497ddd7b","ts":"2026-01-03T16:32:59.361+00:00","source":{"id":"0","name":"eventBus"}}
{"__type":"$$EventMessageNode","id":"7b7af96b-3d38-4826-af3c-dc98d27106e2","ts":"2026-01-03T16:32:59.362+00:00","eventName":"n8n.node.started","message":"n8n.node.started","payload":{"workflowId":"bWF48OWHKGgpaQpr","workflowName":"Proyecto ITSI","executionId":"632","nodeType":"n8n-nodes-base.gmailTrigger","nodeName":"Gmail Trigger","nodeId":"10713d14-856d-4b97-8b53-9cfe29fab342"}}
{"__type":"$$EventMessageConfirm","confirm":"7b7af96b-3d38-4826-af3c-dc98d27106e2","ts":"2026-01-03T16:32:59.362+00:00","source":{"id":"0","name":"eventBus"}}
{"__type":"$$EventMessageNode","id":"f1c3d226-5aef-4c54-a886-4cf397cc7496","ts":"2026-01-03T16:33:20.647+00:00","eventName":"n8n.node.finished","message":"n8n.node.finished","payload":{"workflowId":"bWF48OWHKGgpaQpr","workflowName":"Proyecto ITSI","executionId":"632","nodeType":"n8n-nodes-base.gmailTrigger","nodeName":"Gmail Trigger","nodeId":"10713d14-856d-4b97-8b53-9cfe29fab342"}}
{"__type":"$$EventMessageConfirm","confirm":"f1c3d226-5aef-4c54-a886-4cf397cc7496","ts":"2026-01-03T16:33:20.647+00:00","source":{"id":"0","name":"eventBus"}}
{"__type":"$$EventMessageWorkflow","id":"4a17dd1f-ba40-4375-87cb-7a2a863fc69e","ts":"2026-01-03T16:33:20.653+00:00","eventName":"n8n.workflow.failed","message":"n8n.workflow.failed","payload":{"userId":"320a3f0c-72cf-4854-85b0-40af06954d1d","executionId":"632","success":false,"isManual":true,"workflowId":"bWF48OWHKGgpaQpr","workflowName":"Proyecto ITSI","lastNodeExecuted":"Gmail Trigger","errorNodeType":"n8n-nodes-base.gmailTrigger","errorMessage":"The service refused the connection - perhaps it is offline"}}
{"__type":"$$EventMessageConfirm","confirm":"4a17dd1f-ba40-4375-87cb-7a2a863fc69e","ts":"2026-01-03T16:33:20.653+00:00","source":{"id":"0","name":"eventBus"}}
{"__type":"$$EventMessageWorkflow","id":"b86207c0-d7dd-4a02-8019-e24e1c111006","ts":"2026-01-03T16:33:24.693+00:00","eventName":"n8n.workflow.started","message":"n8n.workflow.started","payload":{"executionId":"633","workflowId":"bWF48OWHKGgpaQpr","isManual":false,"workflowName":"Proyecto ITSI"}}
{"__type":"$$EventMessageConfirm","confirm":"b86207c0-d7dd-4a02-8019-e24e1c111006","ts":"2026-01-03T16:33:24.693+00:00","source":{"id":"0","name":"eventBus"}}
{"__type":"$$EventMessageNode","id":"4c7aaf53-b592-492c-a7af-e2da8c85465e","ts":"2026-01-03T16:33:24.694+00:00","eventName":"n8n.node.started","message":"n8n.node.started","payload":{"workflowId":"bWF48OWHKGgpaQpr","workflowName":"Proyecto ITSI","executionId":"633","nodeType":"n8n-nodes-base.gmailTrigger","nodeName":"Gmail Trigger","nodeId":"10713d14-856d-4b97-8b53-9cfe29fab342"}}
{"__type":"$$EventMessageConfirm","confirm":"4c7aaf53-b592-492c-a7af-e2da8c85465e","ts":"2026-01-03T16:33:24.694+00:00","source":{"id":"0","name":"eventBus"}}
{"__type":"$$EventMessageNode","id":"ebba431e-9e11-4b74-ab9a-8fb0b8fa2193","ts":"2026-01-03T16:33:25.126+00:00","eventName":"n8n.node.finished","message":"n8n.node.finished","payload":{"workflowId":"bWF48OWHKGgpaQpr","workflowName":"Proyecto ITSI","executionId":"633","nodeType":"n8n-nodes-base.gmailTrigger","nodeName":"Gmail Trigger","nodeId":"10713d14-856d-4b97-8b53-9cfe29fab342"}}
{"__type":"$$EventMessageConfirm","confirm":"ebba431e-9e11-4b74-ab9a-8fb0b8fa2193","ts":"2026-01-03T16:33:25.126+00:00","source":{"id":"0","name":"eventBus"}}
{"__type":"$$EventMessageWorkflow","id":"7e90c6d0-b178-47bb-aa11-5f9dedbe14da","ts":"2026-01-03T16:33:25.141+00:00","eventName":"n8n.workflow.failed","message":"n8n.workflow.failed","payload":{"userId":"320a3f0c-72cf-4854-85b0-40af06954d1d","executionId":"633","success":false,"isManual":true,"workflowId":"bWF48OWHKGgpaQpr","workflowName":"Proyecto ITSI","lastNodeExecuted":"Gmail Trigger","errorNodeType":"n8n-nodes-base.gmailTrigger","errorMessage":"The provided authorization grant (e.g., authorization code, resource owner credentials) or refresh token is invalid, expired, revoked, does not match the redirection URI used in the authorization request, or was issued to another client."}}
{"__type":"$$EventMessageConfirm","confirm":"7e90c6d0-b178-47bb-aa11-5f9dedbe14da","ts":"2026-01-03T16:33:25.141+00:00","source":{"id":"0","name":"eventBus"}}
{"__type":"$$EventMessageWorkflow","id":"13a52953-884f-416d-99e8-91a0160c7a31","ts":"2026-01-03T16:33:35.410+00:00","eventName":"n8n.workflow.started","message":"n8n.workflow.started","payload":{"executionId":"634","workflowId":"bWF48OWHKGgpaQpr","isManual":false,"workflowName":"Proyecto ITSI"}}
{"__type":"$$EventMessageConfirm","confirm":"13a52953-884f-416d-99e8-91a0160c7a31","ts":"2026-01-03T16:33:35.411+00:00","source":{"id":"0","name":"eventBus"}}
{"__type":"$$EventMessageNode","id":"3bf41205-6a12-4c35-bba3-f5d2ed98e07d","ts":"2026-01-03T16:33:35.412+00:00","eventName":"n8n.node.started","message":"n8n.node.started","payload":{"workflowId":"bWF48OWHKGgpaQpr","workflowName":"Proyecto ITSI","executionId":"634","nodeType":"n8n-nodes-base.gmailTrigger","nodeName":"Gmail Trigger","nodeId":"10713d14-856d-4b97-8b53-9cfe29fab342"}}
{"__type":"$$EventMessageConfirm","confirm":"3bf41205-6a12-4c35-bba3-f5d2ed98e07d","ts":"2026-01-03T16:33:35.412+00:00","source":{"id":"0","name":"eventBus"}}
{"__type":"$$EventMessageNode","id":"d20cfe5d-16a8-4649-ab8d-0fc46cd30516","ts":"2026-01-03T16:33:35.766+00:00","eventName":"n8n.node.finished","message":"n8n.node.finished","payload":{"workflowId":"bWF48OWHKGgpaQpr","workflowName":"Proyecto ITSI","executionId":"634","nodeType":"n8n-nodes-base.gmailTrigger","nodeName":"Gmail Trigger","nodeId":"10713d14-856d-4b97-8b53-9cfe29fab342"}}
{"__type":"$$EventMessageConfirm","confirm":"d20cfe5d-16a8-4649-ab8d-0fc46cd30516","ts":"2026-01-03T16:33:35.766+00:00","source":{"id":"0","name":"eventBus"}}
{"__type":"$$EventMessageWorkflow","id":"aaa5f700-f5bf-4855-b119-d1e0bc7bfd30","ts":"2026-01-03T16:33:35.780+00:00","eventName":"n8n.workflow.failed","message":"n8n.workflow.failed","payload":{"userId":"320a3f0c-72cf-4854-85b0-40af06954d1d","executionId":"634","success":false,"isManual":true,"workflowId":"bWF48OWHKGgpaQpr","workflowName":"Proyecto ITSI","lastNodeExecuted":"Gmail Trigger","errorNodeType":"n8n-nodes-base.gmailTrigger","errorMessage":"The provided authorization grant (e.g., authorization code, resource owner credentials) or refresh token is invalid, expired, revoked, does not match the redirection URI used in the authorization request, or was issued to another client."}}
{"__type":"$$EventMessageConfirm","confirm":"aaa5f700-f5bf-4855-b119-d1e0bc7bfd30","ts":"2026-01-03T16:33:35.781+00:00","source":{"id":"0","name":"eventBus"}}
{"__type":"$$EventMessageWorkflow","id":"0deec990-cfc0-45fc-9725-3ec617219701","ts":"2026-01-03T16:33:42.278+00:00","eventName":"n8n.workflow.started","message":"n8n.workflow.started","payload":{"executionId":"635","workflowId":"bWF48OWHKGgpaQpr","isManual":false,"workflowName":"Proyecto ITSI"}}
{"__type":"$$EventMessageConfirm","confirm":"0deec990-cfc0-45fc-9725-3ec617219701","ts":"2026-01-03T16:33:42.278+00:00","source":{"id":"0","name":"eventBus"}}
{"__type":"$$EventMessageNode","id":"a12ec615-f65b-486f-b528-54770a7f177b","ts":"2026-01-03T16:33:42.279+00:00","eventName":"n8n.node.started","message":"n8n.node.started","payload":{"workflowId":"bWF48OWHKGgpaQpr","workflowName":"Proyecto ITSI","executionId":"635","nodeType":"n8n-nodes-base.gmailTrigger","nodeName":"Gmail Trigger","nodeId":"10713d14-856d-4b97-8b53-9cfe29fab342"}}
{"__type":"$$EventMessageConfirm","confirm":"a12ec615-f65b-486f-b528-54770a7f177b","ts":"2026-01-03T16:33:42.280+00:00","source":{"id":"0","name":"eventBus"}}
{"__type":"$$EventMessageNode","id":"e94bf510-5f35-4edc-a084-35262b6c9b44","ts":"2026-01-03T16:33:42.677+00:00","eventName":"n8n.node.finished","message":"n8n.node.finished","payload":{"workflowId":"bWF48OWHKGgpaQpr","workflowName":"Proyecto ITSI","executionId":"635","nodeType":"n8n-nodes-base.gmailTrigger","nodeName":"Gmail Trigger","nodeId":"10713d14-856d-4b97-8b53-9cfe29fab342"}}
{"__type":"$$EventMessageConfirm","confirm":"e94bf510-5f35-4edc-a084-35262b6c9b44","ts":"2026-01-03T16:33:42.677+00:00","source":{"id":"0","name":"eventBus"}}
{"__type":"$$EventMessageWorkflow","id":"d16a8509-b861-44a0-bc50-dc303658f9b8","ts":"2026-01-03T16:33:42.696+00:00","eventName":"n8n.workflow.failed","message":"n8n.workflow.failed","payload":{"userId":"320a3f0c-72cf-4854-85b0-40af06954d1d","executionId":"635","success":false,"isManual":true,"workflowId":"bWF48OWHKGgpaQpr","workflowName":"Proyecto ITSI","lastNodeExecuted":"Gmail Trigger","errorNodeType":"n8n-nodes-base.gmailTrigger","errorMessage":"The provided authorization grant (e.g., authorization code, resource owner credentials) or refresh token is invalid, expired, revoked, does not match the redirection URI used in the authorization request, or was issued to another client."}}
{"__type":"$$EventMessageConfirm","confirm":"d16a8509-b861-44a0-bc50-dc303658f9b8","ts":"2026-01-03T16:33:42.696+00:00","source":{"id":"0","name":"eventBus"}}
{"__type":"$$EventMessageWorkflow","id":"2c709180-e0cf-4036-8884-51fbdda81045","ts":"2026-01-03T16:33:54.433+00:00","eventName":"n8n.workflow.started","message":"n8n.workflow.started","payload":{"executionId":"636","workflowId":"bWF48OWHKGgpaQpr","isManual":false,"workflowName":"Proyecto ITSI"}}
{"__type":"$$EventMessageConfirm","confirm":"2c709180-e0cf-4036-8884-51fbdda81045","ts":"2026-01-03T16:33:54.433+00:00","source":{"id":"0","name":"eventBus"}}
{"__type":"$$EventMessageNode","id":"f78d1494-5007-4a52-97d0-12171c863445","ts":"2026-01-03T16:33:54.433+00:00","eventName":"n8n.node.started","message":"n8n.node.started","payload":{"workflowId":"bWF48OWHKGgpaQpr","workflowName":"Proyecto ITSI","executionId":"636","nodeType":"n8n-nodes-base.gmailTrigger","nodeName":"Gmail Trigger","nodeId":"10713d14-856d-4b97-8b53-9cfe29fab342"}}
{"__type":"$$EventMessageConfirm","confirm":"f78d1494-5007-4a52-97d0-12171c863445","ts":"2026-01-03T16:33:54.433+00:00","source":{"id":"0","name":"eventBus"}}
{"__type":"$$EventMessageNode","id":"5f87096f-1409-4c5f-8bb3-f909cbf075c5","ts":"2026-01-03T16:33:54.770+00:00","eventName":"n8n.node.finished","message":"n8n.node.finished","payload":{"workflowId":"bWF48OWHKGgpaQpr","workflowName":"Proyecto ITSI","executionId":"636","nodeType":"n8n-nodes-base.gmailTrigger","nodeName":"Gmail Trigger","nodeId":"10713d14-856d-4b97-8b53-9cfe29fab342"}}
{"__type":"$$EventMessageConfirm","confirm":"5f87096f-1409-4c5f-8bb3-f909cbf075c5","ts":"2026-01-03T16:33:54.770+00:00","source":{"id":"0","name":"eventBus"}}
{"__type":"$$EventMessageWorkflow","id":"26719530-37c4-439b-82ee-45869d4a926c","ts":"2026-01-03T16:33:54.786+00:00","eventName":"n8n.workflow.failed","message":"n8n.workflow.failed","payload":{"userId":"320a3f0c-72cf-4854-85b0-40af06954d1d","executionId":"636","success":false,"isManual":true,"workflowId":"bWF48OWHKGgpaQpr","workflowName":"Proyecto ITSI","lastNodeExecuted":"Gmail Trigger","errorNodeType":"n8n-nodes-base.gmailTrigger","errorMessage":"The provided authorization grant (e.g., authorization code, resource owner credentials) or refresh token is invalid, expired, revoked, does not match the redirection URI used in the authorization request, or was issued to another client."}}
{"__type":"$$EventMessageConfirm","confirm":"26719530-37c4-439b-82ee-45869d4a926c","ts":"2026-01-03T16:33:54.786+00:00","source":{"id":"0","name":"eventBus"}}
{"__type":"$$EventMessageAudit","id":"b1da98fc-c0f3-43ed-94be-46f58f2a2258","ts":"2026-01-03T16:34:13.427+00:00","eventName":"n8n.audit.user.credentials.updated","message":"n8n.audit.user.credentials.updated","payload":{"userId":"320a3f0c-72cf-4854-85b0-40af06954d1d","_email":"eim344@inlumine.ual.es","_firstName":"Esther","_lastName":"Ibáñez Mingorance","globalRole":"global:owner","credentialType":"gmailOAuth2","credentialId":"Oay8ab6AwtefXsso"}}
{"__type":"$$EventMessageConfirm","confirm":"b1da98fc-c0f3-43ed-94be-46f58f2a2258","ts":"2026-01-03T16:34:13.428+00:00","source":{"id":"0","name":"eventBus"}}
{"__type":"$$EventMessageAudit","id":"943a6ade-508a-450c-832a-e9fed18c1fca","ts":"2026-01-03T16:34:17.744+00:00","eventName":"n8n.audit.user.credentials.updated","message":"n8n.audit.user.credentials.updated","payload":{"userId":"320a3f0c-72cf-4854-85b0-40af06954d1d","_email":"eim344@inlumine.ual.es","_firstName":"Esther","_lastName":"Ibáñez Mingorance","globalRole":"global:owner","credentialType":"gmailOAuth2","credentialId":"Oay8ab6AwtefXsso"}}
{"__type":"$$EventMessageConfirm","confirm":"943a6ade-508a-450c-832a-e9fed18c1fca","ts":"2026-01-03T16:34:17.744+00:00","source":{"id":"0","name":"eventBus"}}
{"__type":"$$EventMessageAudit","id":"1b7baa21-e55c-419a-8263-0e2817504cba","ts":"2026-01-03T16:34:21.124+00:00","eventName":"n8n.audit.user.credentials.updated","message":"n8n.audit.user.credentials.updated","payload":{"userId":"320a3f0c-72cf-4854-85b0-40af06954d1d","_email":"eim344@inlumine.ual.es","_firstName":"Esther","_lastName":"Ibáñez Mingorance","globalRole":"global:owner","credentialType":"gmailOAuth2","credentialId":"Oay8ab6AwtefXsso"}}
{"__type":"$$EventMessageConfirm","confirm":"1b7baa21-e55c-419a-8263-0e2817504cba","ts":"2026-01-03T16:34:21.124+00:00","source":{"id":"0","name":"eventBus"}}
{"__type":"$$EventMessageAudit","id":"339b476c-662a-4f43-b9e2-c5db92515127","ts":"2026-01-03T16:34:22.035+00:00","eventName":"n8n.audit.user.credentials.updated","message":"n8n.audit.user.credentials.updated","payload":{"userId":"320a3f0c-72cf-4854-85b0-40af06954d1d","_email":"eim344@inlumine.ual.es","_firstName":"Esther","_lastName":"Ibáñez Mingorance","globalRole":"global:owner","credentialType":"gmailOAuth2","credentialId":"Oay8ab6AwtefXsso"}}
{"__type":"$$EventMessageConfirm","confirm":"339b476c-662a-4f43-b9e2-c5db92515127","ts":"2026-01-03T16:34:22.036+00:00","source":{"id":"0","name":"eventBus"}}
{"__type":"$$EventMessageAudit","id":"7ba87b24-b01c-4dbc-94d3-493425c20650","ts":"2026-01-03T16:34:22.562+00:00","eventName":"n8n.audit.user.credentials.updated","message":"n8n.audit.user.credentials.updated","payload":{"userId":"320a3f0c-72cf-4854-85b0-40af06954d1d","_email":"eim344@inlumine.ual.es","_firstName":"Esther","_lastName":"Ibáñez Mingorance","globalRole":"global:owner","credentialType":"gmailOAuth2","credentialId":"Oay8ab6AwtefXsso"}}
{"__type":"$$EventMessageConfirm","confirm":"7ba87b24-b01c-4dbc-94d3-493425c20650","ts":"2026-01-03T16:34:22.562+00:00","source":{"id":"0","name":"eventBus"}}
{"__type":"$$EventMessageAudit","id":"82aa62ad-2834-46c3-ade4-d9806bfb2d7e","ts":"2026-01-03T16:34:52.478+00:00","eventName":"n8n.audit.user.credentials.updated","message":"n8n.audit.user.credentials.updated","payload":{"userId":"320a3f0c-72cf-4854-85b0-40af06954d1d","_email":"eim344@inlumine.ual.es","_firstName":"Esther","_lastName":"Ibáñez Mingorance","globalRole":"global:owner","credentialType":"gmailOAuth2","credentialId":"Oay8ab6AwtefXsso"}}
{"__type":"$$EventMessageConfirm","confirm":"82aa62ad-2834-46c3-ade4-d9806bfb2d7e","ts":"2026-01-03T16:34:52.478+00:00","source":{"id":"0","name":"eventBus"}}
{"__type":"$$EventMessageWorkflow","id":"1c8bfbdd-9e89-4d0f-9b6a-f3428ad74e5e","ts":"2026-01-03T16:35:11.283+00:00","eventName":"n8n.workflow.started","message":"n8n.workflow.started","payload":{"executionId":"637","workflowId":"bWF48OWHKGgpaQpr","isManual":false,"workflowName":"Proyecto ITSI"}}
{"__type":"$$EventMessageConfirm","confirm":"1c8bfbdd-9e89-4d0f-9b6a-f3428ad74e5e","ts":"2026-01-03T16:35:11.283+00:00","source":{"id":"0","name":"eventBus"}}
{"__type":"$$EventMessageNode","id":"7d3fe27f-1897-4b43-baf1-6e38fd08dba5","ts":"2026-01-03T16:35:11.285+00:00","eventName":"n8n.node.started","message":"n8n.node.started","payload":{"workflowId":"bWF48OWHKGgpaQpr","workflowName":"Proyecto ITSI","executionId":"637","nodeType":"n8n-nodes-base.gmailTrigger","nodeName":"Gmail Trigger","nodeId":"10713d14-856d-4b97-8b53-9cfe29fab342"}}
{"__type":"$$EventMessageConfirm","confirm":"7d3fe27f-1897-4b43-baf1-6e38fd08dba5","ts":"2026-01-03T16:35:11.285+00:00","source":{"id":"0","name":"eventBus"}}
{"__type":"$$EventMessageNode","id":"7069fb4e-6492-4db6-853d-f08108c41d49","ts":"2026-01-03T16:35:12.328+00:00","eventName":"n8n.node.finished","message":"n8n.node.finished","payload":{"workflowId":"bWF48OWHKGgpaQpr","workflowName":"Proyecto ITSI","executionId":"637","nodeType":"n8n-nodes-base.gmailTrigger","nodeName":"Gmail Trigger","nodeId":"10713d14-856d-4b97-8b53-9cfe29fab342"}}
{"__type":"$$EventMessageConfirm","confirm":"7069fb4e-6492-4db6-853d-f08108c41d49","ts":"2026-01-03T16:35:12.329+00:00","source":{"id":"0","name":"eventBus"}}
{"__type":"$$EventMessageWorkflow","id":"cec18e9b-59e7-4b94-985e-084d412db5ca","ts":"2026-01-03T16:35:12.363+00:00","eventName":"n8n.workflow.success","message":"n8n.workflow.success","payload":{"userId":"320a3f0c-72cf-4854-85b0-40af06954d1d","executionId":"637","success":true,"isManual":true,"workflowId":"bWF48OWHKGgpaQpr","workflowName":"Proyecto ITSI"}}
{"__type":"$$EventMessageConfirm","confirm":"cec18e9b-59e7-4b94-985e-084d412db5ca","ts":"2026-01-03T16:35:12.364+00:00","source":{"id":"0","name":"eventBus"}}
{"__type":"$$EventMessageWorkflow","id":"92b65cb7-44e1-4d16-8702-bbd6dd55042f","ts":"2026-01-03T16:35:18.891+00:00","eventName":"n8n.workflow.started","message":"n8n.workflow.started","payload":{"executionId":"638","workflowId":"bWF48OWHKGgpaQpr","isManual":false,"workflowName":"Proyecto ITSI"}}
{"__type":"$$EventMessageConfirm","confirm":"92b65cb7-44e1-4d16-8702-bbd6dd55042f","ts":"2026-01-03T16:35:18.891+00:00","source":{"id":"0","name":"eventBus"}}
{"__type":"$$EventMessageNode","id":"67cb5919-3f09-4bf7-902b-f80064234c05","ts":"2026-01-03T16:35:18.893+00:00","eventName":"n8n.node.started","message":"n8n.node.started","payload":{"workflowId":"bWF48OWHKGgpaQpr","workflowName":"Proyecto ITSI","executionId":"638","nodeType":"n8n-nodes-base.gmailTrigger","nodeName":"Gmail Trigger","nodeId":"10713d14-856d-4b97-8b53-9cfe29fab342"}}
{"__type":"$$EventMessageConfirm","confirm":"67cb5919-3f09-4bf7-902b-f80064234c05","ts":"2026-01-03T16:35:18.893+00:00","source":{"id":"0","name":"eventBus"}}
{"__type":"$$EventMessageNode","id":"b3e98ee6-0923-4d1f-ae37-cfc209fa2962","ts":"2026-01-03T16:35:19.942+00:00","eventName":"n8n.node.finished","message":"n8n.node.finished","payload":{"workflowId":"bWF48OWHKGgpaQpr","workflowName":"Proyecto ITSI","executionId":"638","nodeType":"n8n-nodes-base.gmailTrigger","nodeName":"Gmail Trigger","nodeId":"10713d14-856d-4b97-8b53-9cfe29fab342"}}
{"__type":"$$EventMessageConfirm","confirm":"b3e98ee6-0923-4d1f-ae37-cfc209fa2962","ts":"2026-01-03T16:35:19.943+00:00","source":{"id":"0","name":"eventBus"}}
{"__type":"$$EventMessageNode","id":"feeefd1a-71ea-4727-ac81-6ddedf09426c","ts":"2026-01-03T16:35:19.948+00:00","eventName":"n8n.node.started","message":"n8n.node.started","payload":{"workflowId":"bWF48OWHKGgpaQpr","workflowName":"Proyecto ITSI","executionId":"638","nodeType":"@n8n/n8n-nodes-langchain.googleGemini","nodeName":"Message a model","nodeId":"9542e2fc-24b7-4fb1-8601-1ad86f37613f"}}
{"__type":"$$EventMessageConfirm","confirm":"feeefd1a-71ea-4727-ac81-6ddedf09426c","ts":"2026-01-03T16:35:19.949+00:00","source":{"id":"0","name":"eventBus"}}
{"__type":"$$EventMessageNode","id":"a3333666-3893-460e-8820-fa8789e5af85","ts":"2026-01-03T11:35:22.492-05:00","eventName":"n8n.node.finished","message":"n8n.node.finished","payload":{"workflowId":"bWF48OWHKGgpaQpr","workflowName":"Proyecto ITSI","executionId":"638","nodeType":"@n8n/n8n-nodes-langchain.googleGemini","nodeName":"Message a model","nodeId":"9542e2fc-24b7-4fb1-8601-1ad86f37613f"}}
{"__type":"$$EventMessageConfirm","confirm":"a3333666-3893-460e-8820-fa8789e5af85","ts":"2026-01-03T11:35:22.493-05:00","source":{"id":"0","name":"eventBus"}}
{"__type":"$$EventMessageNode","id":"59ea3c7e-cfe0-4623-9814-db61933d9f8f","ts":"2026-01-03T11:35:22.495-05:00","eventName":"n8n.node.started","message":"n8n.node.started","payload":{"workflowId":"bWF48OWHKGgpaQpr","workflowName":"Proyecto ITSI","executionId":"638","nodeType":"n8n-nodes-base.set","nodeName":"Edit Fields1","nodeId":"7d2ec8dd-8f9a-4a0f-adcc-d6a22c674061"}}
{"__type":"$$EventMessageConfirm","confirm":"59ea3c7e-cfe0-4623-9814-db61933d9f8f","ts":"2026-01-03T11:35:22.495-05:00","source":{"id":"0","name":"eventBus"}}
{"__type":"$$EventMessageNode","id":"e4eb0228-05b6-4d2f-af6b-2b02913ea9d4","ts":"2026-01-03T11:35:22.597-05:00","eventName":"n8n.node.finished","message":"n8n.node.finished","payload":{"workflowId":"bWF48OWHKGgpaQpr","workflowName":"Proyecto ITSI","executionId":"638","nodeType":"n8n-nodes-base.set","nodeName":"Edit Fields1","nodeId":"7d2ec8dd-8f9a-4a0f-adcc-d6a22c674061"}}
{"__type":"$$EventMessageConfirm","confirm":"e4eb0228-05b6-4d2f-af6b-2b02913ea9d4","ts":"2026-01-03T11:35:22.598-05:00","source":{"id":"0","name":"eventBus"}}
{"__type":"$$EventMessageNode","id":"a1a28dae-1c24-4bbb-bdce-b1ab9a9b7014","ts":"2026-01-03T11:35:22.598-05:00","eventName":"n8n.node.started","message":"n8n.node.started","payload":{"workflowId":"bWF48OWHKGgpaQpr","workflowName":"Proyecto ITSI","executionId":"638","nodeType":"n8n-nodes-base.postgres","nodeName":"Execute a SQL query","nodeId":"a7d8b01a-13bb-4edc-9d69-2a15dcfa654e"}}
{"__type":"$$EventMessageConfirm","confirm":"a1a28dae-1c24-4bbb-bdce-b1ab9a9b7014","ts":"2026-01-03T11:35:22.599-05:00","source":{"id":"0","name":"eventBus"}}
{"__type":"$$EventMessageNode","id":"ca60784d-94ad-46c2-b2ef-88563bb3c6f2","ts":"2026-01-03T11:35:26.798-05:00","eventName":"n8n.node.finished","message":"n8n.node.finished","payload":{"workflowId":"bWF48OWHKGgpaQpr","workflowName":"Proyecto ITSI","executionId":"638","nodeType":"n8n-nodes-base.postgres","nodeName":"Execute a SQL query","nodeId":"a7d8b01a-13bb-4edc-9d69-2a15dcfa654e"}}
{"__type":"$$EventMessageConfirm","confirm":"ca60784d-94ad-46c2-b2ef-88563bb3c6f2","ts":"2026-01-03T11:35:26.799-05:00","source":{"id":"0","name":"eventBus"}}
{"__type":"$$EventMessageWorkflow","id":"f1d089e9-16be-4319-a1f0-37f79f1b66ef","ts":"2026-01-03T11:35:26.820-05:00","eventName":"n8n.workflow.failed","message":"n8n.workflow.failed","payload":{"userId":"320a3f0c-72cf-4854-85b0-40af06954d1d","executionId":"638","success":false,"isManual":true,"workflowId":"bWF48OWHKGgpaQpr","workflowName":"Proyecto ITSI","lastNodeExecuted":"Execute a SQL query","errorNodeType":"n8n-nodes-base.postgres","errorMessage":"Host not found"}}
{"__type":"$$EventMessageConfirm","confirm":"f1d089e9-16be-4319-a1f0-37f79f1b66ef","ts":"2026-01-03T11:35:26.820-05:00","source":{"id":"0","name":"eventBus"}}
{"__type":"$$EventMessageWorkflow","id":"7434667c-0e15-4573-a337-decca4f2b3e5","ts":"2026-01-03T11:41:41.079-05:00","eventName":"n8n.workflow.started","message":"n8n.workflow.started","payload":{"executionId":"639","workflowId":"bWF48OWHKGgpaQpr","isManual":false,"workflowName":"Proyecto ITSI"}}
{"__type":"$$EventMessageConfirm","confirm":"7434667c-0e15-4573-a337-decca4f2b3e5","ts":"2026-01-03T11:41:41.080-05:00","source":{"id":"0","name":"eventBus"}}
{"__type":"$$EventMessageNode","id":"c41d0178-a2d9-4834-b9ef-4f854356f85a","ts":"2026-01-03T11:41:41.081-05:00","eventName":"n8n.node.started","message":"n8n.node.started","payload":{"workflowId":"bWF48OWHKGgpaQpr","workflowName":"Proyecto ITSI","executionId":"639","nodeType":"n8n-nodes-base.postgres","nodeName":"Execute a SQL query","nodeId":"a7d8b01a-13bb-4edc-9d69-2a15dcfa654e"}}
{"__type":"$$EventMessageConfirm","confirm":"c41d0178-a2d9-4834-b9ef-4f854356f85a","ts":"2026-01-03T11:41:41.082-05:00","source":{"id":"0","name":"eventBus"}}
{"__type":"$$EventMessageNode","id":"8b32b303-dfcd-4785-acea-b4bd31efb071","ts":"2026-01-03T11:41:41.153-05:00","eventName":"n8n.node.finished","message":"n8n.node.finished","payload":{"workflowId":"bWF48OWHKGgpaQpr","workflowName":"Proyecto ITSI","executionId":"639","nodeType":"n8n-nodes-base.postgres","nodeName":"Execute a SQL query","nodeId":"a7d8b01a-13bb-4edc-9d69-2a15dcfa654e"}}
{"__type":"$$EventMessageConfirm","confirm":"8b32b303-dfcd-4785-acea-b4bd31efb071","ts":"2026-01-03T11:41:41.154-05:00","source":{"id":"0","name":"eventBus"}}
{"__type":"$$EventMessageWorkflow","id":"b051bbcf-b930-4da7-91a3-5751d47987a4","ts":"2026-01-03T11:41:41.160-05:00","eventName":"n8n.workflow.success","message":"n8n.workflow.success","payload":{"userId":"320a3f0c-72cf-4854-85b0-40af06954d1d","executionId":"639","success":true,"isManual":true,"workflowId":"bWF48OWHKGgpaQpr","workflowName":"Proyecto ITSI"}}
{"__type":"$$EventMessageConfirm","confirm":"b051bbcf-b930-4da7-91a3-5751d47987a4","ts":"2026-01-03T11:41:41.160-05:00","source":{"id":"0","name":"eventBus"}}
{"__type":"$$EventMessageWorkflow","id":"8b60fb0c-b5bb-4d24-a8db-bcbc3fa17366","ts":"2026-01-03T11:41:49.417-05:00","eventName":"n8n.workflow.started","message":"n8n.workflow.started","payload":{"executionId":"640","workflowId":"bWF48OWHKGgpaQpr","isManual":false,"workflowName":"Proyecto ITSI"}}
{"__type":"$$EventMessageConfirm","confirm":"8b60fb0c-b5bb-4d24-a8db-bcbc3fa17366","ts":"2026-01-03T11:41:49.417-05:00","source":{"id":"0","name":"eventBus"}}
{"__type":"$$EventMessageNode","id":"93c29b0d-61bc-48d7-b01b-e732cfbb60ee","ts":"2026-01-03T11:41:49.418-05:00","eventName":"n8n.node.started","message":"n8n.node.started","payload":{"workflowId":"bWF48OWHKGgpaQpr","workflowName":"Proyecto ITSI","executionId":"640","nodeType":"n8n-nodes-base.if","nodeName":"If","nodeId":"c901c88a-ac87-4503-9609-80e74050f0cc"}}
{"__type":"$$EventMessageConfirm","confirm":"93c29b0d-61bc-48d7-b01b-e732cfbb60ee","ts":"2026-01-03T11:41:49.418-05:00","source":{"id":"0","name":"eventBus"}}
{"__type":"$$EventMessageNode","id":"9d08b22e-3def-4df3-8f9a-5741e6a54495","ts":"2026-01-03T11:41:49.439-05:00","eventName":"n8n.node.finished","message":"n8n.node.finished","payload":{"workflowId":"bWF48OWHKGgpaQpr","workflowName":"Proyecto ITSI","executionId":"640","nodeType":"n8n-nodes-base.if","nodeName":"If","nodeId":"c901c88a-ac87-4503-9609-80e74050f0cc"}}
{"__type":"$$EventMessageConfirm","confirm":"9d08b22e-3def-4df3-8f9a-5741e6a54495","ts":"2026-01-03T11:41:49.439-05:00","source":{"id":"0","name":"eventBus"}}
{"__type":"$$EventMessageWorkflow","id":"d61baf33-7bb6-4422-a778-3d4bf4d305f3","ts":"2026-01-03T11:41:49.444-05:00","eventName":"n8n.workflow.success","message":"n8n.workflow.success","payload":{"userId":"320a3f0c-72cf-4854-85b0-40af06954d1d","executionId":"640","success":true,"isManual":true,"workflowId":"bWF48OWHKGgpaQpr","workflowName":"Proyecto ITSI"}}
{"__type":"$$EventMessageConfirm","confirm":"d61baf33-7bb6-4422-a778-3d4bf4d305f3","ts":"2026-01-03T11:41:49.444-05:00","source":{"id":"0","name":"eventBus"}}
{"__type":"$$EventMessageWorkflow","id":"e8c3d272-58a2-441c-8672-28a2c033f470","ts":"2026-01-03T11:41:52.985-05:00","eventName":"n8n.workflow.started","message":"n8n.workflow.started","payload":{"executionId":"641","workflowId":"bWF48OWHKGgpaQpr","isManual":false,"workflowName":"Proyecto ITSI"}}
{"__type":"$$EventMessageConfirm","confirm":"e8c3d272-58a2-441c-8672-28a2c033f470","ts":"2026-01-03T11:41:52.986-05:00","source":{"id":"0","name":"eventBus"}}
{"__type":"$$EventMessageNode","id":"c544a139-9ef3-4e0e-93dc-22477fd5dd76","ts":"2026-01-03T11:41:52.987-05:00","eventName":"n8n.node.started","message":"n8n.node.started","payload":{"workflowId":"bWF48OWHKGgpaQpr","workflowName":"Proyecto ITSI","executionId":"641","nodeType":"n8n-nodes-base.set","nodeName":"Edit Fields2","nodeId":"ddca281d-98d0-48aa-8b79-9bae94fd0f78"}}
{"__type":"$$EventMessageConfirm","confirm":"c544a139-9ef3-4e0e-93dc-22477fd5dd76","ts":"2026-01-03T11:41:52.988-05:00","source":{"id":"0","name":"eventBus"}}
{"__type":"$$EventMessageNode","id":"2ffe6e9a-c187-4f57-ab01-c76fd8bb9c15","ts":"2026-01-03T11:41:53.065-05:00","eventName":"n8n.node.finished","message":"n8n.node.finished","payload":{"workflowId":"bWF48OWHKGgpaQpr","workflowName":"Proyecto ITSI","executionId":"641","nodeType":"n8n-nodes-base.set","nodeName":"Edit Fields2","nodeId":"ddca281d-98d0-48aa-8b79-9bae94fd0f78"}}
{"__type":"$$EventMessageConfirm","confirm":"2ffe6e9a-c187-4f57-ab01-c76fd8bb9c15","ts":"2026-01-03T11:41:53.066-05:00","source":{"id":"0","name":"eventBus"}}
{"__type":"$$EventMessageWorkflow","id":"9841c286-7bea-44d3-94e4-b5d3e4e9fbb6","ts":"2026-01-03T11:41:53.072-05:00","eventName":"n8n.workflow.success","message":"n8n.workflow.success","payload":{"userId":"320a3f0c-72cf-4854-85b0-40af06954d1d","executionId":"641","success":true,"isManual":true,"workflowId":"bWF48OWHKGgpaQpr","workflowName":"Proyecto ITSI"}}
{"__type":"$$EventMessageConfirm","confirm":"9841c286-7bea-44d3-94e4-b5d3e4e9fbb6","ts":"2026-01-03T11:41:53.072-05:00","source":{"id":"0","name":"eventBus"}}
{"__type":"$$EventMessageWorkflow","id":"0390f75b-0ba9-4be7-9578-aad2a8ddc933","ts":"2026-01-03T11:41:57.298-05:00","eventName":"n8n.workflow.started","message":"n8n.workflow.started","payload":{"executionId":"642","workflowId":"bWF48OWHKGgpaQpr","isManual":false,"workflowName":"Proyecto ITSI"}}
{"__type":"$$EventMessageConfirm","confirm":"0390f75b-0ba9-4be7-9578-aad2a8ddc933","ts":"2026-01-03T11:41:57.298-05:00","source":{"id":"0","name":"eventBus"}}
{"__type":"$$EventMessageNode","id":"a150ae6b-7a23-4d0a-b690-86a4b57f47f4","ts":"2026-01-03T11:41:57.299-05:00","eventName":"n8n.node.started","message":"n8n.node.started","payload":{"workflowId":"bWF48OWHKGgpaQpr","workflowName":"Proyecto ITSI","executionId":"642","nodeType":"n8n-nodes-base.gmailTrigger","nodeName":"Gmail Trigger","nodeId":"10713d14-856d-4b97-8b53-9cfe29fab342"}}
{"__type":"$$EventMessageConfirm","confirm":"a150ae6b-7a23-4d0a-b690-86a4b57f47f4","ts":"2026-01-03T11:41:57.299-05:00","source":{"id":"0","name":"eventBus"}}
{"__type":"$$EventMessageNode","id":"f101a2cc-748f-4c9f-8cdd-8b9e764f3f11","ts":"2026-01-03T11:41:58.225-05:00","eventName":"n8n.node.finished","message":"n8n.node.finished","payload":{"workflowId":"bWF48OWHKGgpaQpr","workflowName":"Proyecto ITSI","executionId":"642","nodeType":"n8n-nodes-base.gmailTrigger","nodeName":"Gmail Trigger","nodeId":"10713d14-856d-4b97-8b53-9cfe29fab342"}}
{"__type":"$$EventMessageConfirm","confirm":"f101a2cc-748f-4c9f-8cdd-8b9e764f3f11","ts":"2026-01-03T11:41:58.225-05:00","source":{"id":"0","name":"eventBus"}}
{"__type":"$$EventMessageNode","id":"d9660c69-bbdc-4027-8f73-d828eee6db1d","ts":"2026-01-03T11:41:58.227-05:00","eventName":"n8n.node.started","message":"n8n.node.started","payload":{"workflowId":"bWF48OWHKGgpaQpr","workflowName":"Proyecto ITSI","executionId":"642","nodeType":"@n8n/n8n-nodes-langchain.googleGemini","nodeName":"Message a model","nodeId":"9542e2fc-24b7-4fb1-8601-1ad86f37613f"}}
{"__type":"$$EventMessageConfirm","confirm":"d9660c69-bbdc-4027-8f73-d828eee6db1d","ts":"2026-01-03T11:41:58.227-05:00","source":{"id":"0","name":"eventBus"}}
{"__type":"$$EventMessageNode","id":"6e1d19a5-417c-4fed-9014-6f2129087b8c","ts":"2026-01-03T11:42:00.400-05:00","eventName":"n8n.node.finished","message":"n8n.node.finished","payload":{"workflowId":"bWF48OWHKGgpaQpr","workflowName":"Proyecto ITSI","executionId":"642","nodeType":"@n8n/n8n-nodes-langchain.googleGemini","nodeName":"Message a model","nodeId":"9542e2fc-24b7-4fb1-8601-1ad86f37613f"}}
{"__type":"$$EventMessageConfirm","confirm":"6e1d19a5-417c-4fed-9014-6f2129087b8c","ts":"2026-01-03T11:42:00.401-05:00","source":{"id":"0","name":"eventBus"}}
{"__type":"$$EventMessageNode","id":"c1960b48-a69f-4ef8-b97d-be8f2eded164","ts":"2026-01-03T11:42:00.404-05:00","eventName":"n8n.node.started","message":"n8n.node.started","payload":{"workflowId":"bWF48OWHKGgpaQpr","workflowName":"Proyecto ITSI","executionId":"642","nodeType":"n8n-nodes-base.set","nodeName":"Edit Fields1","nodeId":"7d2ec8dd-8f9a-4a0f-adcc-d6a22c674061"}}
{"__type":"$$EventMessageConfirm","confirm":"c1960b48-a69f-4ef8-b97d-be8f2eded164","ts":"2026-01-03T11:42:00.405-05:00","source":{"id":"0","name":"eventBus"}}
{"__type":"$$EventMessageNode","id":"de2dc291-6a3b-48d4-9509-160522dabedd","ts":"2026-01-03T11:42:00.420-05:00","eventName":"n8n.node.finished","message":"n8n.node.finished","payload":{"workflowId":"bWF48OWHKGgpaQpr","workflowName":"Proyecto ITSI","executionId":"642","nodeType":"n8n-nodes-base.set","nodeName":"Edit Fields1","nodeId":"7d2ec8dd-8f9a-4a0f-adcc-d6a22c674061"}}
{"__type":"$$EventMessageConfirm","confirm":"de2dc291-6a3b-48d4-9509-160522dabedd","ts":"2026-01-03T11:42:00.421-05:00","source":{"id":"0","name":"eventBus"}}
{"__type":"$$EventMessageNode","id":"d579351c-16b0-410c-be91-3431a683ed94","ts":"2026-01-03T11:42:00.425-05:00","eventName":"n8n.node.started","message":"n8n.node.started","payload":{"workflowId":"bWF48OWHKGgpaQpr","workflowName":"Proyecto ITSI","executionId":"642","nodeType":"n8n-nodes-base.postgres","nodeName":"Execute a SQL query","nodeId":"a7d8b01a-13bb-4edc-9d69-2a15dcfa654e"}}
{"__type":"$$EventMessageConfirm","confirm":"d579351c-16b0-410c-be91-3431a683ed94","ts":"2026-01-03T11:42:00.426-05:00","source":{"id":"0","name":"eventBus"}}
{"__type":"$$EventMessageNode","id":"07f55a0c-deef-48e6-aa77-cb3e22151403","ts":"2026-01-03T11:42:00.508-05:00","eventName":"n8n.node.finished","message":"n8n.node.finished","payload":{"workflowId":"bWF48OWHKGgpaQpr","workflowName":"Proyecto ITSI","executionId":"642","nodeType":"n8n-nodes-base.postgres","nodeName":"Execute a SQL query","nodeId":"a7d8b01a-13bb-4edc-9d69-2a15dcfa654e"}}
{"__type":"$$EventMessageConfirm","confirm":"07f55a0c-deef-48e6-aa77-cb3e22151403","ts":"2026-01-03T11:42:00.509-05:00","source":{"id":"0","name":"eventBus"}}
{"__type":"$$EventMessageNode","id":"dbb3f440-ad4a-419f-bc78-2e6131c1b724","ts":"2026-01-03T11:42:00.511-05:00","eventName":"n8n.node.started","message":"n8n.node.started","payload":{"workflowId":"bWF48OWHKGgpaQpr","workflowName":"Proyecto ITSI","executionId":"642","nodeType":"n8n-nodes-base.if","nodeName":"If","nodeId":"c901c88a-ac87-4503-9609-80e74050f0cc"}}
{"__type":"$$EventMessageConfirm","confirm":"dbb3f440-ad4a-419f-bc78-2e6131c1b724","ts":"2026-01-03T11:42:00.511-05:00","source":{"id":"0","name":"eventBus"}}
{"__type":"$$EventMessageNode","id":"1dac33b2-744f-43c3-a20c-87c293d984ed","ts":"2026-01-03T11:42:00.516-05:00","eventName":"n8n.node.finished","message":"n8n.node.finished","payload":{"workflowId":"bWF48OWHKGgpaQpr","workflowName":"Proyecto ITSI","executionId":"642","nodeType":"n8n-nodes-base.if","nodeName":"If","nodeId":"c901c88a-ac87-4503-9609-80e74050f0cc"}}
{"__type":"$$EventMessageConfirm","confirm":"1dac33b2-744f-43c3-a20c-87c293d984ed","ts":"2026-01-03T11:42:00.517-05:00","source":{"id":"0","name":"eventBus"}}
{"__type":"$$EventMessageNode","id":"175066a4-ae3e-44ad-a619-5870c551df74","ts":"2026-01-03T11:42:00.520-05:00","eventName":"n8n.node.started","message":"n8n.node.started","payload":{"workflowId":"bWF48OWHKGgpaQpr","workflowName":"Proyecto ITSI","executionId":"642","nodeType":"n8n-nodes-base.set","nodeName":"Edit Fields2","nodeId":"ddca281d-98d0-48aa-8b79-9bae94fd0f78"}}
{"__type":"$$EventMessageConfirm","confirm":"175066a4-ae3e-44ad-a619-5870c551df74","ts":"2026-01-03T11:42:00.521-05:00","source":{"id":"0","name":"eventBus"}}
{"__type":"$$EventMessageNode","id":"21e03ec4-0e9d-4b8f-8b3a-9f9ca32f65f9","ts":"2026-01-03T11:42:00.542-05:00","eventName":"n8n.node.finished","message":"n8n.node.finished","payload":{"workflowId":"bWF48OWHKGgpaQpr","workflowName":"Proyecto ITSI","executionId":"642","nodeType":"n8n-nodes-base.set","nodeName":"Edit Fields2","nodeId":"ddca281d-98d0-48aa-8b79-9bae94fd0f78"}}
{"__type":"$$EventMessageConfirm","confirm":"21e03ec4-0e9d-4b8f-8b3a-9f9ca32f65f9","ts":"2026-01-03T11:42:00.542-05:00","source":{"id":"0","name":"eventBus"}}
{"__type":"$$EventMessageNode","id":"22ccc48a-c045-42fc-95a6-e910828d053d","ts":"2026-01-03T11:42:00.545-05:00","eventName":"n8n.node.started","message":"n8n.node.started","payload":{"workflowId":"bWF48OWHKGgpaQpr","workflowName":"Proyecto ITSI","executionId":"642","nodeType":"n8n-nodes-base.postgres","nodeName":"Insert rows in a table","nodeId":"dbe924f9-3e3d-4ad0-a8a2-0b1aba6f102e"}}
{"__type":"$$EventMessageConfirm","confirm":"22ccc48a-c045-42fc-95a6-e910828d053d","ts":"2026-01-03T11:42:00.545-05:00","source":{"id":"0","name":"eventBus"}}
{"__type":"$$EventMessageNode","id":"96444a3f-a7ce-48a8-8f0a-b53f067c4640","ts":"2026-01-03T11:42:00.694-05:00","eventName":"n8n.node.finished","message":"n8n.node.finished","payload":{"workflowId":"bWF48OWHKGgpaQpr","workflowName":"Proyecto ITSI","executionId":"642","nodeType":"n8n-nodes-base.postgres","nodeName":"Insert rows in a table","nodeId":"dbe924f9-3e3d-4ad0-a8a2-0b1aba6f102e"}}
{"__type":"$$EventMessageConfirm","confirm":"96444a3f-a7ce-48a8-8f0a-b53f067c4640","ts":"2026-01-03T11:42:00.694-05:00","source":{"id":"0","name":"eventBus"}}
{"__type":"$$EventMessageNode","id":"999bfc26-2e37-4de4-bcdc-b0f6be6c345d","ts":"2026-01-03T11:42:00.696-05:00","eventName":"n8n.node.started","message":"n8n.node.started","payload":{"workflowId":"bWF48OWHKGgpaQpr","workflowName":"Proyecto ITSI","executionId":"642","nodeType":"n8n-nodes-base.switch","nodeName":"Switch","nodeId":"1c9cb01e-8c4b-49c1-a552-3afb7e34c563"}}
{"__type":"$$EventMessageConfirm","confirm":"999bfc26-2e37-4de4-bcdc-b0f6be6c345d","ts":"2026-01-03T11:42:00.697-05:00","source":{"id":"0","name":"eventBus"}}
{"__type":"$$EventMessageNode","id":"21995dfa-aa40-470d-82f2-04dd28b0e700","ts":"2026-01-03T11:42:00.744-05:00","eventName":"n8n.node.finished","message":"n8n.node.finished","payload":{"workflowId":"bWF48OWHKGgpaQpr","workflowName":"Proyecto ITSI","executionId":"642","nodeType":"n8n-nodes-base.switch","nodeName":"Switch","nodeId":"1c9cb01e-8c4b-49c1-a552-3afb7e34c563"}}
{"__type":"$$EventMessageConfirm","confirm":"21995dfa-aa40-470d-82f2-04dd28b0e700","ts":"2026-01-03T11:42:00.745-05:00","source":{"id":"0","name":"eventBus"}}
{"__type":"$$EventMessageNode","id":"b256f96a-2bcb-4559-a830-ade916473165","ts":"2026-01-03T11:42:00.747-05:00","eventName":"n8n.node.started","message":"n8n.node.started","payload":{"workflowId":"bWF48OWHKGgpaQpr","workflowName":"Proyecto ITSI","executionId":"642","nodeType":"n8n-nodes-base.rabbitmq","nodeName":"RabbitMQ1","nodeId":"fa41be98-5726-4e09-a668-22225bce0c23"}}
{"__type":"$$EventMessageConfirm","confirm":"b256f96a-2bcb-4559-a830-ade916473165","ts":"2026-01-03T11:42:00.748-05:00","source":{"id":"0","name":"eventBus"}}
{"__type":"$$EventMessageNode","id":"ff6b99a2-5c4b-411a-825c-3bd44d6b0cfa","ts":"2026-01-03T11:42:00.935-05:00","eventName":"n8n.node.finished","message":"n8n.node.finished","payload":{"workflowId":"bWF48OWHKGgpaQpr","workflowName":"Proyecto ITSI","executionId":"642","nodeType":"n8n-nodes-base.rabbitmq","nodeName":"RabbitMQ1","nodeId":"fa41be98-5726-4e09-a668-22225bce0c23"}}
{"__type":"$$EventMessageConfirm","confirm":"ff6b99a2-5c4b-411a-825c-3bd44d6b0cfa","ts":"2026-01-03T11:42:00.935-05:00","source":{"id":"0","name":"eventBus"}}
{"__type":"$$EventMessageNode","id":"01420676-3cbf-412b-964b-46422e921a46","ts":"2026-01-03T11:42:00.943-05:00","eventName":"n8n.node.started","message":"n8n.node.started","payload":{"workflowId":"bWF48OWHKGgpaQpr","workflowName":"Proyecto ITSI","executionId":"642","nodeType":"n8n-nodes-base.merge","nodeName":"Merge","nodeId":"a81a74e1-b293-4e5a-9029-dd939bc41194"}}
{"__type":"$$EventMessageConfirm","confirm":"01420676-3cbf-412b-964b-46422e921a46","ts":"2026-01-03T11:42:00.943-05:00","source":{"id":"0","name":"eventBus"}}
{"__type":"$$EventMessageNode","id":"7a38ac21-4593-4e74-8cf4-14e5e8c8ffbe","ts":"2026-01-03T11:42:00.965-05:00","eventName":"n8n.node.finished","message":"n8n.node.finished","payload":{"workflowId":"bWF48OWHKGgpaQpr","workflowName":"Proyecto ITSI","executionId":"642","nodeType":"n8n-nodes-base.merge","nodeName":"Merge","nodeId":"a81a74e1-b293-4e5a-9029-dd939bc41194"}}
{"__type":"$$EventMessageConfirm","confirm":"7a38ac21-4593-4e74-8cf4-14e5e8c8ffbe","ts":"2026-01-03T11:42:00.965-05:00","source":{"id":"0","name":"eventBus"}}
{"__type":"$$EventMessageNode","id":"ba9b7ecd-af30-471f-8142-741f577e1832","ts":"2026-01-03T11:42:00.967-05:00","eventName":"n8n.node.started","message":"n8n.node.started","payload":{"workflowId":"bWF48OWHKGgpaQpr","workflowName":"Proyecto ITSI","executionId":"642","nodeType":"n8n-nodes-base.set","nodeName":"Edit Fields3","nodeId":"0ad0c19d-ee51-41da-894a-8d08eaa8e045"}}
{"__type":"$$EventMessageConfirm","confirm":"ba9b7ecd-af30-471f-8142-741f577e1832","ts":"2026-01-03T11:42:00.967-05:00","source":{"id":"0","name":"eventBus"}}
{"__type":"$$EventMessageNode","id":"6cbca8d7-dea7-470d-a267-638e0e81d2cb","ts":"2026-01-03T11:42:00.971-05:00","eventName":"n8n.node.finished","message":"n8n.node.finished","payload":{"workflowId":"bWF48OWHKGgpaQpr","workflowName":"Proyecto ITSI","executionId":"642","nodeType":"n8n-nodes-base.set","nodeName":"Edit Fields3","nodeId":"0ad0c19d-ee51-41da-894a-8d08eaa8e045"}}
{"__type":"$$EventMessageConfirm","confirm":"6cbca8d7-dea7-470d-a267-638e0e81d2cb","ts":"2026-01-03T11:42:00.971-05:00","source":{"id":"0","name":"eventBus"}}
{"__type":"$$EventMessageNode","id":"c6e508b7-6b3a-4388-95fd-19bdd5364276","ts":"2026-01-03T11:42:00.972-05:00","eventName":"n8n.node.started","message":"n8n.node.started","payload":{"workflowId":"bWF48OWHKGgpaQpr","workflowName":"Proyecto ITSI","executionId":"642","nodeType":"n8n-nodes-base.executeWorkflow","nodeName":"Call 'Sub-flujo: Notificar Cliente'","nodeId":"ed356c56-0f3e-45d4-9e88-c7cddcdbf041"}}
{"__type":"$$EventMessageConfirm","confirm":"c6e508b7-6b3a-4388-95fd-19bdd5364276","ts":"2026-01-03T11:42:00.972-05:00","source":{"id":"0","name":"eventBus"}}
{"__type":"$$EventMessageWorkflow","id":"ba88a188-af5c-4a80-8af7-7cca8d313347","ts":"2026-01-03T11:42:01.319-05:00","eventName":"n8n.workflow.started","message":"n8n.workflow.started","payload":{"executionId":"643","workflowId":"AoZcm6aV9HfMQcdz","isManual":false,"workflowName":"Sub-flujo: Notificar Cliente"}}
{"__type":"$$EventMessageConfirm","confirm":"ba88a188-af5c-4a80-8af7-7cca8d313347","ts":"2026-01-03T11:42:01.319-05:00","source":{"id":"0","name":"eventBus"}}
{"__type":"$$EventMessageNode","id":"77c6248f-e260-4914-9e4a-8a00ee808f9b","ts":"2026-01-03T11:42:01.320-05:00","eventName":"n8n.node.started","message":"n8n.node.started","payload":{"workflowId":"AoZcm6aV9HfMQcdz","workflowName":"Sub-flujo: Notificar Cliente","executionId":"643","nodeType":"n8n-nodes-base.executeWorkflowTrigger","nodeName":"When Executed by Another Workflow","nodeId":"3dd51426-6bd0-4529-82b9-babb26538611"}}
{"__type":"$$EventMessageConfirm","confirm":"77c6248f-e260-4914-9e4a-8a00ee808f9b","ts":"2026-01-03T11:42:01.321-05:00","source":{"id":"0","name":"eventBus"}}
{"__type":"$$EventMessageNode","id":"ebe75cd7-63d5-4fb1-b018-18f8b46b19df","ts":"2026-01-03T11:42:01.324-05:00","eventName":"n8n.node.finished","message":"n8n.node.finished","payload":{"workflowId":"AoZcm6aV9HfMQcdz","workflowName":"Sub-flujo: Notificar Cliente","executionId":"643","nodeType":"n8n-nodes-base.executeWorkflowTrigger","nodeName":"When Executed by Another Workflow","nodeId":"3dd51426-6bd0-4529-82b9-babb26538611"}}
{"__type":"$$EventMessageConfirm","confirm":"ebe75cd7-63d5-4fb1-b018-18f8b46b19df","ts":"2026-01-03T11:42:01.324-05:00","source":{"id":"0","name":"eventBus"}}
{"__type":"$$EventMessageNode","id":"4e625a8e-5587-4d24-9135-44d10eb844b1","ts":"2026-01-03T11:42:01.325-05:00","eventName":"n8n.node.started","message":"n8n.node.started","payload":{"workflowId":"AoZcm6aV9HfMQcdz","workflowName":"Sub-flujo: Notificar Cliente","executionId":"643","nodeType":"n8n-nodes-base.gmail","nodeName":"Send a message","nodeId":"d83e6ba7-6371-4418-bcfb-b19ecb985743"}}
{"__type":"$$EventMessageConfirm","confirm":"4e625a8e-5587-4d24-9135-44d10eb844b1","ts":"2026-01-03T11:42:01.325-05:00","source":{"id":"0","name":"eventBus"}}
{"__type":"$$EventMessageNode","id":"6cf4483f-c915-4303-b4da-f9a1ebb08ab6","ts":"2026-01-03T11:42:01.922-05:00","eventName":"n8n.node.finished","message":"n8n.node.finished","payload":{"workflowId":"AoZcm6aV9HfMQcdz","workflowName":"Sub-flujo: Notificar Cliente","executionId":"643","nodeType":"n8n-nodes-base.gmail","nodeName":"Send a message","nodeId":"d83e6ba7-6371-4418-bcfb-b19ecb985743"}}
{"__type":"$$EventMessageConfirm","confirm":"6cf4483f-c915-4303-b4da-f9a1ebb08ab6","ts":"2026-01-03T11:42:01.923-05:00","source":{"id":"0","name":"eventBus"}}
{"__type":"$$EventMessageWorkflow","id":"03f8ae61-76be-4a76-b550-005ad08b0c72","ts":"2026-01-03T11:42:01.924-05:00","eventName":"n8n.workflow.success","message":"n8n.workflow.success","payload":{"userId":"320a3f0c-72cf-4854-85b0-40af06954d1d","executionId":"643","success":true,"isManual":false,"workflowId":"AoZcm6aV9HfMQcdz","workflowName":"Sub-flujo: Notificar Cliente"}}
{"__type":"$$EventMessageConfirm","confirm":"03f8ae61-76be-4a76-b550-005ad08b0c72","ts":"2026-01-03T11:42:01.924-05:00","source":{"id":"0","name":"eventBus"}}
{"__type":"$$EventMessageNode","id":"b96ebd81-17f9-43ce-8ffb-dba817c5a6f4","ts":"2026-01-03T11:42:02.013-05:00","eventName":"n8n.node.finished","message":"n8n.node.finished","payload":{"workflowId":"bWF48OWHKGgpaQpr","workflowName":"Proyecto ITSI","executionId":"642","nodeType":"n8n-nodes-base.executeWorkflow","nodeName":"Call 'Sub-flujo: Notificar Cliente'","nodeId":"ed356c56-0f3e-45d4-9e88-c7cddcdbf041"}}
{"__type":"$$EventMessageConfirm","confirm":"b96ebd81-17f9-43ce-8ffb-dba817c5a6f4","ts":"2026-01-03T11:42:02.014-05:00","source":{"id":"0","name":"eventBus"}}
{"__type":"$$EventMessageWorkflow","id":"3b5c25e5-b4ae-4464-a8cf-06fd11848e4d","ts":"2026-01-03T11:42:02.035-05:00","eventName":"n8n.workflow.success","message":"n8n.workflow.success","payload":{"userId":"320a3f0c-72cf-4854-85b0-40af06954d1d","executionId":"642","success":true,"isManual":true,"workflowId":"bWF48OWHKGgpaQpr","workflowName":"Proyecto ITSI"}}
{"__type":"$$EventMessageConfirm","confirm":"3b5c25e5-b4ae-4464-a8cf-06fd11848e4d","ts":"2026-01-03T11:42:02.036-05:00","source":{"id":"0","name":"eventBus"}}
{"__type":"$$EventMessageWorkflow","id":"776f0144-98d1-49f4-a854-da5618f60b8a","ts":"2026-01-03T11:42:40.108-05:00","eventName":"n8n.workflow.started","message":"n8n.workflow.started","payload":{"executionId":"644","workflowId":"bWF48OWHKGgpaQpr","isManual":false,"workflowName":"Proyecto ITSI"}}
{"__type":"$$EventMessageConfirm","confirm":"776f0144-98d1-49f4-a854-da5618f60b8a","ts":"2026-01-03T11:42:40.108-05:00","source":{"id":"0","name":"eventBus"}}
{"__type":"$$EventMessageNode","id":"5e11ca6c-802a-45a8-b8fd-a20ae41f1496","ts":"2026-01-03T11:42:40.110-05:00","eventName":"n8n.node.started","message":"n8n.node.started","payload":{"workflowId":"bWF48OWHKGgpaQpr","workflowName":"Proyecto ITSI","executionId":"644","nodeType":"n8n-nodes-base.gmailTrigger","nodeName":"Gmail Trigger","nodeId":"10713d14-856d-4b97-8b53-9cfe29fab342"}}
{"__type":"$$EventMessageConfirm","confirm":"5e11ca6c-802a-45a8-b8fd-a20ae41f1496","ts":"2026-01-03T11:42:40.110-05:00","source":{"id":"0","name":"eventBus"}}
{"__type":"$$EventMessageWorkflow","id":"77874e14-2e7a-42e0-ac3e-aeeb05cec24e","ts":"2026-01-03T11:42:41.103-05:00","eventName":"n8n.workflow.success","message":"n8n.workflow.success","payload":{"userId":"320a3f0c-72cf-4854-85b0-40af06954d1d","executionId":"644","success":true,"isManual":true,"workflowId":"bWF48OWHKGgpaQpr","workflowName":"Proyecto ITSI"}}
{"__type":"$$EventMessageConfirm","confirm":"77874e14-2e7a-42e0-ac3e-aeeb05cec24e","ts":"2026-01-03T11:42:41.103-05:00","source":{"id":"0","name":"eventBus"}}
{"__type":"$$EventMessageWorkflow","id":"1c4c6b86-0fa1-4746-a5db-f72842975a29","ts":"2026-01-03T11:42:50.242-05:00","eventName":"n8n.workflow.started","message":"n8n.workflow.started","payload":{"executionId":"645","workflowId":"bWF48OWHKGgpaQpr","isManual":false,"workflowName":"Proyecto ITSI"}}
{"__type":"$$EventMessageConfirm","confirm":"1c4c6b86-0fa1-4746-a5db-f72842975a29","ts":"2026-01-03T11:42:50.243-05:00","source":{"id":"0","name":"eventBus"}}
{"__type":"$$EventMessageNode","id":"02e2bdec-fef0-4580-8301-1bdd27f787b7","ts":"2026-01-03T11:42:50.243-05:00","eventName":"n8n.node.started","message":"n8n.node.started","payload":{"workflowId":"bWF48OWHKGgpaQpr","workflowName":"Proyecto ITSI","executionId":"645","nodeType":"n8n-nodes-base.gmailTrigger","nodeName":"Gmail Trigger","nodeId":"10713d14-856d-4b97-8b53-9cfe29fab342"}}
{"__type":"$$EventMessageConfirm","confirm":"02e2bdec-fef0-4580-8301-1bdd27f787b7","ts":"2026-01-03T11:42:50.244-05:00","source":{"id":"0","name":"eventBus"}}
{"__type":"$$EventMessageWorkflow","id":"b8e98aef-c1b7-4114-879c-b7fbb398da00","ts":"2026-01-03T11:42:51.223-05:00","eventName":"n8n.workflow.success","message":"n8n.workflow.success","payload":{"userId":"320a3f0c-72cf-4854-85b0-40af06954d1d","executionId":"645","success":true,"isManual":true,"workflowId":"bWF48OWHKGgpaQpr","workflowName":"Proyecto ITSI"}}
{"__type":"$$EventMessageConfirm","confirm":"b8e98aef-c1b7-4114-879c-b7fbb398da00","ts":"2026-01-03T11:42:51.224-05:00","source":{"id":"0","name":"eventBus"}}
{"__type":"$$EventMessageWorkflow","id":"fde882b6-a330-45e4-a312-8e02c5bb7ec6","ts":"2026-01-03T11:45:37.523-05:00","eventName":"n8n.workflow.started","message":"n8n.workflow.started","payload":{"executionId":"646","workflowId":"bWF48OWHKGgpaQpr","isManual":false,"workflowName":"Proyecto ITSI"}}
{"__type":"$$EventMessageConfirm","confirm":"fde882b6-a330-45e4-a312-8e02c5bb7ec6","ts":"2026-01-03T11:45:37.524-05:00","source":{"id":"0","name":"eventBus"}}
{"__type":"$$EventMessageNode","id":"935f2f62-ed7c-4ea1-a96b-75aac87ac589","ts":"2026-01-03T11:45:37.525-05:00","eventName":"n8n.node.started","message":"n8n.node.started","payload":{"workflowId":"bWF48OWHKGgpaQpr","workflowName":"Proyecto ITSI","executionId":"646","nodeType":"n8n-nodes-base.gmailTrigger","nodeName":"Gmail Trigger","nodeId":"10713d14-856d-4b97-8b53-9cfe29fab342"}}
{"__type":"$$EventMessageConfirm","confirm":"935f2f62-ed7c-4ea1-a96b-75aac87ac589","ts":"2026-01-03T11:45:37.525-05:00","source":{"id":"0","name":"eventBus"}}
{"__type":"$$EventMessageNode","id":"9c3c2e99-cf95-444e-8053-46f050f2c2c2","ts":"2026-01-03T11:45:38.530-05:00","eventName":"n8n.node.finished","message":"n8n.node.finished","payload":{"workflowId":"bWF48OWHKGgpaQpr","workflowName":"Proyecto ITSI","executionId":"646","nodeType":"n8n-nodes-base.gmailTrigger","nodeName":"Gmail Trigger","nodeId":"10713d14-856d-4b97-8b53-9cfe29fab342"}}
{"__type":"$$EventMessageConfirm","confirm":"9c3c2e99-cf95-444e-8053-46f050f2c2c2","ts":"2026-01-03T11:45:38.532-05:00","source":{"id":"0","name":"eventBus"}}
{"__type":"$$EventMessageNode","id":"a89ac824-37e3-4a34-b8f5-b9c958b4c530","ts":"2026-01-03T11:45:38.536-05:00","eventName":"n8n.node.started","message":"n8n.node.started","payload":{"workflowId":"bWF48OWHKGgpaQpr","workflowName":"Proyecto ITSI","executionId":"646","nodeType":"@n8n/n8n-nodes-langchain.googleGemini","nodeName":"Message a model","nodeId":"9542e2fc-24b7-4fb1-8601-1ad86f37613f"}}
{"__type":"$$EventMessageConfirm","confirm":"a89ac824-37e3-4a34-b8f5-b9c958b4c530","ts":"2026-01-03T11:45:38.537-05:00","source":{"id":"0","name":"eventBus"}}
{"__type":"$$EventMessageNode","id":"7f7c3442-109d-4c30-861f-f9a7c14b8bf0","ts":"2026-01-03T11:45:43.717-05:00","eventName":"n8n.node.finished","message":"n8n.node.finished","payload":{"workflowId":"bWF48OWHKGgpaQpr","workflowName":"Proyecto ITSI","executionId":"646","nodeType":"@n8n/n8n-nodes-langchain.googleGemini","nodeName":"Message a model","nodeId":"9542e2fc-24b7-4fb1-8601-1ad86f37613f"}}
{"__type":"$$EventMessageConfirm","confirm":"7f7c3442-109d-4c30-861f-f9a7c14b8bf0","ts":"2026-01-03T11:45:43.718-05:00","source":{"id":"0","name":"eventBus"}}
{"__type":"$$EventMessageNode","id":"84ce01b8-4bf8-478b-99b9-8045c8679145","ts":"2026-01-03T11:45:43.723-05:00","eventName":"n8n.node.started","message":"n8n.node.started","payload":{"workflowId":"bWF48OWHKGgpaQpr","workflowName":"Proyecto ITSI","executionId":"646","nodeType":"n8n-nodes-base.set","nodeName":"Edit Fields1","nodeId":"7d2ec8dd-8f9a-4a0f-adcc-d6a22c674061"}}
{"__type":"$$EventMessageConfirm","confirm":"84ce01b8-4bf8-478b-99b9-8045c8679145","ts":"2026-01-03T11:45:43.724-05:00","source":{"id":"0","name":"eventBus"}}
{"__type":"$$EventMessageNode","id":"779cc7dd-7797-4a70-a6c7-b2356ef8499c","ts":"2026-01-03T11:45:43.761-05:00","eventName":"n8n.node.finished","message":"n8n.node.finished","payload":{"workflowId":"bWF48OWHKGgpaQpr","workflowName":"Proyecto ITSI","executionId":"646","nodeType":"n8n-nodes-base.set","nodeName":"Edit Fields1","nodeId":"7d2ec8dd-8f9a-4a0f-adcc-d6a22c674061"}}
{"__type":"$$EventMessageConfirm","confirm":"779cc7dd-7797-4a70-a6c7-b2356ef8499c","ts":"2026-01-03T11:45:43.761-05:00","source":{"id":"0","name":"eventBus"}}
{"__type":"$$EventMessageNode","id":"65f575dc-0632-411b-9534-566277f8eff0","ts":"2026-01-03T11:45:43.773-05:00","eventName":"n8n.node.started","message":"n8n.node.started","payload":{"workflowId":"bWF48OWHKGgpaQpr","workflowName":"Proyecto ITSI","executionId":"646","nodeType":"n8n-nodes-base.postgres","nodeName":"Execute a SQL query","nodeId":"a7d8b01a-13bb-4edc-9d69-2a15dcfa654e"}}
{"__type":"$$EventMessageConfirm","confirm":"65f575dc-0632-411b-9534-566277f8eff0","ts":"2026-01-03T11:45:43.774-05:00","source":{"id":"0","name":"eventBus"}}
{"__type":"$$EventMessageNode","id":"74d46fa8-1000-45fd-9f3f-66b941fab9f4","ts":"2026-01-03T11:45:43.825-05:00","eventName":"n8n.node.finished","message":"n8n.node.finished","payload":{"workflowId":"bWF48OWHKGgpaQpr","workflowName":"Proyecto ITSI","executionId":"646","nodeType":"n8n-nodes-base.postgres","nodeName":"Execute a SQL query","nodeId":"a7d8b01a-13bb-4edc-9d69-2a15dcfa654e"}}
{"__type":"$$EventMessageConfirm","confirm":"74d46fa8-1000-45fd-9f3f-66b941fab9f4","ts":"2026-01-03T11:45:43.825-05:00","source":{"id":"0","name":"eventBus"}}
{"__type":"$$EventMessageNode","id":"34739edf-1862-44e0-a480-2a840dad9b8b","ts":"2026-01-03T11:45:43.826-05:00","eventName":"n8n.node.started","message":"n8n.node.started","payload":{"workflowId":"bWF48OWHKGgpaQpr","workflowName":"Proyecto ITSI","executionId":"646","nodeType":"n8n-nodes-base.if","nodeName":"If","nodeId":"c901c88a-ac87-4503-9609-80e74050f0cc"}}
{"__type":"$$EventMessageConfirm","confirm":"34739edf-1862-44e0-a480-2a840dad9b8b","ts":"2026-01-03T11:45:43.826-05:00","source":{"id":"0","name":"eventBus"}}
{"__type":"$$EventMessageNode","id":"15c6a22f-a647-4928-81e1-775787e024b5","ts":"2026-01-03T11:45:43.828-05:00","eventName":"n8n.node.finished","message":"n8n.node.finished","payload":{"workflowId":"bWF48OWHKGgpaQpr","workflowName":"Proyecto ITSI","executionId":"646","nodeType":"n8n-nodes-base.if","nodeName":"If","nodeId":"c901c88a-ac87-4503-9609-80e74050f0cc"}}
{"__type":"$$EventMessageConfirm","confirm":"15c6a22f-a647-4928-81e1-775787e024b5","ts":"2026-01-03T11:45:43.829-05:00","source":{"id":"0","name":"eventBus"}}
{"__type":"$$EventMessageNode","id":"c0576ae6-bc98-4a37-bfa7-961a03956af7","ts":"2026-01-03T11:45:43.830-05:00","eventName":"n8n.node.started","message":"n8n.node.started","payload":{"workflowId":"bWF48OWHKGgpaQpr","workflowName":"Proyecto ITSI","executionId":"646","nodeType":"n8n-nodes-base.set","nodeName":"Edit Fields2","nodeId":"ddca281d-98d0-48aa-8b79-9bae94fd0f78"}}
{"__type":"$$EventMessageConfirm","confirm":"c0576ae6-bc98-4a37-bfa7-961a03956af7","ts":"2026-01-03T11:45:43.830-05:00","source":{"id":"0","name":"eventBus"}}
{"__type":"$$EventMessageNode","id":"16d051af-1134-48de-b298-f61759a3f77a","ts":"2026-01-03T11:45:43.837-05:00","eventName":"n8n.node.finished","message":"n8n.node.finished","payload":{"workflowId":"bWF48OWHKGgpaQpr","workflowName":"Proyecto ITSI","executionId":"646","nodeType":"n8n-nodes-base.set","nodeName":"Edit Fields2","nodeId":"ddca281d-98d0-48aa-8b79-9bae94fd0f78"}}
{"__type":"$$EventMessageConfirm","confirm":"16d051af-1134-48de-b298-f61759a3f77a","ts":"2026-01-03T11:45:43.837-05:00","source":{"id":"0","name":"eventBus"}}
{"__type":"$$EventMessageNode","id":"00b19eea-3ba8-4199-b582-1786212fce3c","ts":"2026-01-03T11:45:43.838-05:00","eventName":"n8n.node.started","message":"n8n.node.started","payload":{"workflowId":"bWF48OWHKGgpaQpr","workflowName":"Proyecto ITSI","executionId":"646","nodeType":"n8n-nodes-base.postgres","nodeName":"Insert rows in a table","nodeId":"dbe924f9-3e3d-4ad0-a8a2-0b1aba6f102e"}}
{"__type":"$$EventMessageConfirm","confirm":"00b19eea-3ba8-4199-b582-1786212fce3c","ts":"2026-01-03T11:45:43.838-05:00","source":{"id":"0","name":"eventBus"}}
{"__type":"$$EventMessageNode","id":"20243ea2-a21d-43d2-9852-c0466fa38158","ts":"2026-01-03T11:45:43.891-05:00","eventName":"n8n.node.finished","message":"n8n.node.finished","payload":{"workflowId":"bWF48OWHKGgpaQpr","workflowName":"Proyecto ITSI","executionId":"646","nodeType":"n8n-nodes-base.postgres","nodeName":"Insert rows in a table","nodeId":"dbe924f9-3e3d-4ad0-a8a2-0b1aba6f102e"}}
{"__type":"$$EventMessageConfirm","confirm":"20243ea2-a21d-43d2-9852-c0466fa38158","ts":"2026-01-03T11:45:43.891-05:00","source":{"id":"0","name":"eventBus"}}
{"__type":"$$EventMessageNode","id":"b9be2a23-c8b9-449a-8522-1a3c5e42899b","ts":"2026-01-03T11:45:43.892-05:00","eventName":"n8n.node.started","message":"n8n.node.started","payload":{"workflowId":"bWF48OWHKGgpaQpr","workflowName":"Proyecto ITSI","executionId":"646","nodeType":"n8n-nodes-base.switch","nodeName":"Switch","nodeId":"1c9cb01e-8c4b-49c1-a552-3afb7e34c563"}}
{"__type":"$$EventMessageConfirm","confirm":"b9be2a23-c8b9-449a-8522-1a3c5e42899b","ts":"2026-01-03T11:45:43.893-05:00","source":{"id":"0","name":"eventBus"}}
{"__type":"$$EventMessageNode","id":"ba5db23e-f8e3-4076-8ee7-3c715e5a5a25","ts":"2026-01-03T11:45:43.899-05:00","eventName":"n8n.node.finished","message":"n8n.node.finished","payload":{"workflowId":"bWF48OWHKGgpaQpr","workflowName":"Proyecto ITSI","executionId":"646","nodeType":"n8n-nodes-base.switch","nodeName":"Switch","nodeId":"1c9cb01e-8c4b-49c1-a552-3afb7e34c563"}}
{"__type":"$$EventMessageConfirm","confirm":"ba5db23e-f8e3-4076-8ee7-3c715e5a5a25","ts":"2026-01-03T11:45:43.900-05:00","source":{"id":"0","name":"eventBus"}}
{"__type":"$$EventMessageNode","id":"971897a2-72fd-42ef-90a9-50f6c37175ca","ts":"2026-01-03T11:45:43.901-05:00","eventName":"n8n.node.started","message":"n8n.node.started","payload":{"workflowId":"bWF48OWHKGgpaQpr","workflowName":"Proyecto ITSI","executionId":"646","nodeType":"n8n-nodes-base.rabbitmq","nodeName":"RabbitMQ3","nodeId":"93677961-4c9f-4cd6-8afa-499b34fb9bc3"}}
{"__type":"$$EventMessageConfirm","confirm":"971897a2-72fd-42ef-90a9-50f6c37175ca","ts":"2026-01-03T11:45:43.902-05:00","source":{"id":"0","name":"eventBus"}}
{"__type":"$$EventMessageNode","id":"a6a6d8a3-bb02-4fb9-88cf-58156621c0e4","ts":"2026-01-03T11:45:44.058-05:00","eventName":"n8n.node.finished","message":"n8n.node.finished","payload":{"workflowId":"bWF48OWHKGgpaQpr","workflowName":"Proyecto ITSI","executionId":"646","nodeType":"n8n-nodes-base.rabbitmq","nodeName":"RabbitMQ3","nodeId":"93677961-4c9f-4cd6-8afa-499b34fb9bc3"}}
{"__type":"$$EventMessageConfirm","confirm":"a6a6d8a3-bb02-4fb9-88cf-58156621c0e4","ts":"2026-01-03T11:45:44.058-05:00","source":{"id":"0","name":"eventBus"}}
{"__type":"$$EventMessageNode","id":"b0bca09a-facb-4a84-948b-7965a2b8c3e2","ts":"2026-01-03T11:45:44.062-05:00","eventName":"n8n.node.started","message":"n8n.node.started","payload":{"workflowId":"bWF48OWHKGgpaQpr","workflowName":"Proyecto ITSI","executionId":"646","nodeType":"n8n-nodes-base.merge","nodeName":"Merge","nodeId":"a81a74e1-b293-4e5a-9029-dd939bc41194"}}
{"__type":"$$EventMessageConfirm","confirm":"b0bca09a-facb-4a84-948b-7965a2b8c3e2","ts":"2026-01-03T11:45:44.062-05:00","source":{"id":"0","name":"eventBus"}}
{"__type":"$$EventMessageNode","id":"b46781d3-63c2-418f-8942-c00a3bd5ea60","ts":"2026-01-03T11:45:44.064-05:00","eventName":"n8n.node.finished","message":"n8n.node.finished","payload":{"workflowId":"bWF48OWHKGgpaQpr","workflowName":"Proyecto ITSI","executionId":"646","nodeType":"n8n-nodes-base.merge","nodeName":"Merge","nodeId":"a81a74e1-b293-4e5a-9029-dd939bc41194"}}
{"__type":"$$EventMessageConfirm","confirm":"b46781d3-63c2-418f-8942-c00a3bd5ea60","ts":"2026-01-03T11:45:44.065-05:00","source":{"id":"0","name":"eventBus"}}
{"__type":"$$EventMessageNode","id":"f3cb8912-1a09-4087-8017-cb08dc50e2fd","ts":"2026-01-03T11:45:44.070-05:00","eventName":"n8n.node.started","message":"n8n.node.started","payload":{"workflowId":"bWF48OWHKGgpaQpr","workflowName":"Proyecto ITSI","executionId":"646","nodeType":"n8n-nodes-base.set","nodeName":"Edit Fields3","nodeId":"0ad0c19d-ee51-41da-894a-8d08eaa8e045"}}
{"__type":"$$EventMessageConfirm","confirm":"f3cb8912-1a09-4087-8017-cb08dc50e2fd","ts":"2026-01-03T11:45:44.070-05:00","source":{"id":"0","name":"eventBus"}}
{"__type":"$$EventMessageNode","id":"221f3981-cab7-4cfc-a7b7-71a3b0f5e4eb","ts":"2026-01-03T11:45:44.076-05:00","eventName":"n8n.node.finished","message":"n8n.node.finished","payload":{"workflowId":"bWF48OWHKGgpaQpr","workflowName":"Proyecto ITSI","executionId":"646","nodeType":"n8n-nodes-base.set","nodeName":"Edit Fields3","nodeId":"0ad0c19d-ee51-41da-894a-8d08eaa8e045"}}
{"__type":"$$EventMessageConfirm","confirm":"221f3981-cab7-4cfc-a7b7-71a3b0f5e4eb","ts":"2026-01-03T11:45:44.076-05:00","source":{"id":"0","name":"eventBus"}}
{"__type":"$$EventMessageNode","id":"172db8c0-8ecb-42a1-abf5-efaf05ad03f7","ts":"2026-01-03T11:45:44.079-05:00","eventName":"n8n.node.started","message":"n8n.node.started","payload":{"workflowId":"bWF48OWHKGgpaQpr","workflowName":"Proyecto ITSI","executionId":"646","nodeType":"n8n-nodes-base.executeWorkflow","nodeName":"Call 'Sub-flujo: Notificar Cliente'","nodeId":"ed356c56-0f3e-45d4-9e88-c7cddcdbf041"}}
{"__type":"$$EventMessageConfirm","confirm":"172db8c0-8ecb-42a1-abf5-efaf05ad03f7","ts":"2026-01-03T11:45:44.080-05:00","source":{"id":"0","name":"eventBus"}}
{"__type":"$$EventMessageWorkflow","id":"5bcc5e7b-dead-4810-81e5-6f4d74d8492a","ts":"2026-01-03T11:45:44.215-05:00","eventName":"n8n.workflow.started","message":"n8n.workflow.started","payload":{"executionId":"647","workflowId":"AoZcm6aV9HfMQcdz","isManual":false,"workflowName":"Sub-flujo: Notificar Cliente"}}
{"__type":"$$EventMessageConfirm","confirm":"5bcc5e7b-dead-4810-81e5-6f4d74d8492a","ts":"2026-01-03T11:45:44.215-05:00","source":{"id":"0","name":"eventBus"}}
{"__type":"$$EventMessageNode","id":"d54e03d3-36d3-4379-937c-7c6dcef7ad34","ts":"2026-01-03T11:45:44.216-05:00","eventName":"n8n.node.started","message":"n8n.node.started","payload":{"workflowId":"AoZcm6aV9HfMQcdz","workflowName":"Sub-flujo: Notificar Cliente","executionId":"647","nodeType":"n8n-nodes-base.executeWorkflowTrigger","nodeName":"When Executed by Another Workflow","nodeId":"3dd51426-6bd0-4529-82b9-babb26538611"}}
{"__type":"$$EventMessageConfirm","confirm":"d54e03d3-36d3-4379-937c-7c6dcef7ad34","ts":"2026-01-03T11:45:44.216-05:00","source":{"id":"0","name":"eventBus"}}
{"__type":"$$EventMessageNode","id":"6e7e0856-2026-411b-9a59-a38a70c32c73","ts":"2026-01-03T11:45:44.217-05:00","eventName":"n8n.node.finished","message":"n8n.node.finished","payload":{"workflowId":"AoZcm6aV9HfMQcdz","workflowName":"Sub-flujo: Notificar Cliente","executionId":"647","nodeType":"n8n-nodes-base.executeWorkflowTrigger","nodeName":"When Executed by Another Workflow","nodeId":"3dd51426-6bd0-4529-82b9-babb26538611"}}
{"__type":"$$EventMessageConfirm","confirm":"6e7e0856-2026-411b-9a59-a38a70c32c73","ts":"2026-01-03T11:45:44.217-05:00","source":{"id":"0","name":"eventBus"}}
{"__type":"$$EventMessageNode","id":"b3f5fbf2-2ce7-430d-bf39-1b4c393d9c7f","ts":"2026-01-03T11:45:44.218-05:00","eventName":"n8n.node.started","message":"n8n.node.started","payload":{"workflowId":"AoZcm6aV9HfMQcdz","workflowName":"Sub-flujo: Notificar Cliente","executionId":"647","nodeType":"n8n-nodes-base.gmail","nodeName":"Send a message","nodeId":"d83e6ba7-6371-4418-bcfb-b19ecb985743"}}
{"__type":"$$EventMessageConfirm","confirm":"b3f5fbf2-2ce7-430d-bf39-1b4c393d9c7f","ts":"2026-01-03T11:45:44.218-05:00","source":{"id":"0","name":"eventBus"}}
{"__type":"$$EventMessageNode","id":"c1c1caae-9516-4bf4-87e1-98ccf5a86cce","ts":"2026-01-03T11:45:44.695-05:00","eventName":"n8n.node.finished","message":"n8n.node.finished","payload":{"workflowId":"AoZcm6aV9HfMQcdz","workflowName":"Sub-flujo: Notificar Cliente","executionId":"647","nodeType":"n8n-nodes-base.gmail","nodeName":"Send a message","nodeId":"d83e6ba7-6371-4418-bcfb-b19ecb985743"}}
{"__type":"$$EventMessageConfirm","confirm":"c1c1caae-9516-4bf4-87e1-98ccf5a86cce","ts":"2026-01-03T11:45:44.696-05:00","source":{"id":"0","name":"eventBus"}}
{"__type":"$$EventMessageWorkflow","id":"eb720369-50bd-434e-9168-c24885d0a02d","ts":"2026-01-03T11:45:44.697-05:00","eventName":"n8n.workflow.success","message":"n8n.workflow.success","payload":{"userId":"320a3f0c-72cf-4854-85b0-40af06954d1d","executionId":"647","success":true,"isManual":false,"workflowId":"AoZcm6aV9HfMQcdz","workflowName":"Sub-flujo: Notificar Cliente"}}
{"__type":"$$EventMessageConfirm","confirm":"eb720369-50bd-434e-9168-c24885d0a02d","ts":"2026-01-03T11:45:44.698-05:00","source":{"id":"0","name":"eventBus"}}
{"__type":"$$EventMessageNode","id":"217d3411-c2c0-4bf6-ab51-83a803616860","ts":"2026-01-03T11:45:44.766-05:00","eventName":"n8n.node.finished","message":"n8n.node.finished","payload":{"workflowId":"bWF48OWHKGgpaQpr","workflowName":"Proyecto ITSI","executionId":"646","nodeType":"n8n-nodes-base.executeWorkflow","nodeName":"Call 'Sub-flujo: Notificar Cliente'","nodeId":"ed356c56-0f3e-45d4-9e88-c7cddcdbf041"}}
{"__type":"$$EventMessageConfirm","confirm":"217d3411-c2c0-4bf6-ab51-83a803616860","ts":"2026-01-03T11:45:44.766-05:00","source":{"id":"0","name":"eventBus"}}
{"__type":"$$EventMessageWorkflow","id":"539732bc-6b4a-4703-b793-00811ccb5f18","ts":"2026-01-03T11:45:44.778-05:00","eventName":"n8n.workflow.success","message":"n8n.workflow.success","payload":{"userId":"320a3f0c-72cf-4854-85b0-40af06954d1d","executionId":"646","success":true,"isManual":true,"workflowId":"bWF48OWHKGgpaQpr","workflowName":"Proyecto ITSI"}}
{"__type":"$$EventMessageConfirm","confirm":"539732bc-6b4a-4703-b793-00811ccb5f18","ts":"2026-01-03T11:45:44.778-05:00","source":{"id":"0","name":"eventBus"}}
{"__type":"$$EventMessageWorkflow","id":"dd42329e-5398-4691-bf9d-3a5fd46b161a","ts":"2026-01-03T11:46:33.620-05:00","eventName":"n8n.workflow.started","message":"n8n.workflow.started","payload":{"executionId":"648","workflowId":"bWF48OWHKGgpaQpr","isManual":false,"workflowName":"Proyecto ITSI"}}
{"__type":"$$EventMessageConfirm","confirm":"dd42329e-5398-4691-bf9d-3a5fd46b161a","ts":"2026-01-03T11:46:33.621-05:00","source":{"id":"0","name":"eventBus"}}
{"__type":"$$EventMessageNode","id":"6c2db879-3e17-407c-91fb-eb1fd59bdb5f","ts":"2026-01-03T11:46:33.623-05:00","eventName":"n8n.node.started","message":"n8n.node.started","payload":{"workflowId":"bWF48OWHKGgpaQpr","workflowName":"Proyecto ITSI","executionId":"648","nodeType":"n8n-nodes-base.gmailTrigger","nodeName":"Gmail Trigger","nodeId":"10713d14-856d-4b97-8b53-9cfe29fab342"}}
{"__type":"$$EventMessageConfirm","confirm":"6c2db879-3e17-407c-91fb-eb1fd59bdb5f","ts":"2026-01-03T11:46:33.623-05:00","source":{"id":"0","name":"eventBus"}}
{"__type":"$$EventMessageNode","id":"5362bb40-0636-4fc8-bfb1-051fccc350e9","ts":"2026-01-03T11:46:33.624-05:00","eventName":"n8n.node.finished","message":"n8n.node.finished","payload":{"workflowId":"bWF48OWHKGgpaQpr","workflowName":"Proyecto ITSI","executionId":"648","nodeType":"n8n-nodes-base.gmailTrigger","nodeName":"Gmail Trigger","nodeId":"10713d14-856d-4b97-8b53-9cfe29fab342"}}
{"__type":"$$EventMessageConfirm","confirm":"5362bb40-0636-4fc8-bfb1-051fccc350e9","ts":"2026-01-03T11:46:33.624-05:00","source":{"id":"0","name":"eventBus"}}
{"__type":"$$EventMessageNode","id":"2f0a2014-4636-47da-ad28-352a42bc8ae8","ts":"2026-01-03T11:46:33.625-05:00","eventName":"n8n.node.started","message":"n8n.node.started","payload":{"workflowId":"bWF48OWHKGgpaQpr","workflowName":"Proyecto ITSI","executionId":"648","nodeType":"@n8n/n8n-nodes-langchain.googleGemini","nodeName":"Message a model","nodeId":"9542e2fc-24b7-4fb1-8601-1ad86f37613f"}}
{"__type":"$$EventMessageConfirm","confirm":"2f0a2014-4636-47da-ad28-352a42bc8ae8","ts":"2026-01-03T11:46:33.630-05:00","source":{"id":"0","name":"eventBus"}}
{"__type":"$$EventMessageNode","id":"050fe68c-8c79-430b-b0ef-49c38ef4118a","ts":"2026-01-03T11:46:38.100-05:00","eventName":"n8n.node.finished","message":"n8n.node.finished","payload":{"workflowId":"bWF48OWHKGgpaQpr","workflowName":"Proyecto ITSI","executionId":"648","nodeType":"@n8n/n8n-nodes-langchain.googleGemini","nodeName":"Message a model","nodeId":"9542e2fc-24b7-4fb1-8601-1ad86f37613f"}}
{"__type":"$$EventMessageConfirm","confirm":"050fe68c-8c79-430b-b0ef-49c38ef4118a","ts":"2026-01-03T11:46:38.101-05:00","source":{"id":"0","name":"eventBus"}}
{"__type":"$$EventMessageNode","id":"c2b7ce5e-e0e4-4516-b97c-2f87e3df02ea","ts":"2026-01-03T11:46:38.103-05:00","eventName":"n8n.node.started","message":"n8n.node.started","payload":{"workflowId":"bWF48OWHKGgpaQpr","workflowName":"Proyecto ITSI","executionId":"648","nodeType":"n8n-nodes-base.set","nodeName":"Edit Fields1","nodeId":"7d2ec8dd-8f9a-4a0f-adcc-d6a22c674061"}}
{"__type":"$$EventMessageConfirm","confirm":"c2b7ce5e-e0e4-4516-b97c-2f87e3df02ea","ts":"2026-01-03T11:46:38.104-05:00","source":{"id":"0","name":"eventBus"}}
{"__type":"$$EventMessageNode","id":"fa1ca486-9008-4f7e-a512-e4e49f7eb37a","ts":"2026-01-03T11:46:38.128-05:00","eventName":"n8n.node.finished","message":"n8n.node.finished","payload":{"workflowId":"bWF48OWHKGgpaQpr","workflowName":"Proyecto ITSI","executionId":"648","nodeType":"n8n-nodes-base.set","nodeName":"Edit Fields1","nodeId":"7d2ec8dd-8f9a-4a0f-adcc-d6a22c674061"}}
{"__type":"$$EventMessageConfirm","confirm":"fa1ca486-9008-4f7e-a512-e4e49f7eb37a","ts":"2026-01-03T11:46:38.129-05:00","source":{"id":"0","name":"eventBus"}}
{"__type":"$$EventMessageNode","id":"715cc74c-95d9-4281-9849-fffcdfdd7153","ts":"2026-01-03T11:46:38.129-05:00","eventName":"n8n.node.started","message":"n8n.node.started","payload":{"workflowId":"bWF48OWHKGgpaQpr","workflowName":"Proyecto ITSI","executionId":"648","nodeType":"n8n-nodes-base.postgres","nodeName":"Execute a SQL query","nodeId":"a7d8b01a-13bb-4edc-9d69-2a15dcfa654e"}}
{"__type":"$$EventMessageConfirm","confirm":"715cc74c-95d9-4281-9849-fffcdfdd7153","ts":"2026-01-03T11:46:38.130-05:00","source":{"id":"0","name":"eventBus"}}
{"__type":"$$EventMessageNode","id":"829e9b90-55f2-439f-8bd3-b550c924f9c3","ts":"2026-01-03T11:46:38.247-05:00","eventName":"n8n.node.finished","message":"n8n.node.finished","payload":{"workflowId":"bWF48OWHKGgpaQpr","workflowName":"Proyecto ITSI","executionId":"648","nodeType":"n8n-nodes-base.postgres","nodeName":"Execute a SQL query","nodeId":"a7d8b01a-13bb-4edc-9d69-2a15dcfa654e"}}
{"__type":"$$EventMessageConfirm","confirm":"829e9b90-55f2-439f-8bd3-b550c924f9c3","ts":"2026-01-03T11:46:38.248-05:00","source":{"id":"0","name":"eventBus"}}
{"__type":"$$EventMessageNode","id":"4d25d7d9-bc2b-4b79-a05d-1173815c13d6","ts":"2026-01-03T11:46:38.249-05:00","eventName":"n8n.node.started","message":"n8n.node.started","payload":{"workflowId":"bWF48OWHKGgpaQpr","workflowName":"Proyecto ITSI","executionId":"648","nodeType":"n8n-nodes-base.if","nodeName":"If","nodeId":"c901c88a-ac87-4503-9609-80e74050f0cc"}}
{"__type":"$$EventMessageConfirm","confirm":"4d25d7d9-bc2b-4b79-a05d-1173815c13d6","ts":"2026-01-03T11:46:38.249-05:00","source":{"id":"0","name":"eventBus"}}
{"__type":"$$EventMessageNode","id":"79f97a6a-71b5-4c02-a591-a0a24c1268f1","ts":"2026-01-03T11:46:38.253-05:00","eventName":"n8n.node.finished","message":"n8n.node.finished","payload":{"workflowId":"bWF48OWHKGgpaQpr","workflowName":"Proyecto ITSI","executionId":"648","nodeType":"n8n-nodes-base.if","nodeName":"If","nodeId":"c901c88a-ac87-4503-9609-80e74050f0cc"}}
{"__type":"$$EventMessageConfirm","confirm":"79f97a6a-71b5-4c02-a591-a0a24c1268f1","ts":"2026-01-03T11:46:38.254-05:00","source":{"id":"0","name":"eventBus"}}
{"__type":"$$EventMessageNode","id":"5407d381-65d4-43e9-b338-fd74afdb873f","ts":"2026-01-03T11:46:38.255-05:00","eventName":"n8n.node.started","message":"n8n.node.started","payload":{"workflowId":"bWF48OWHKGgpaQpr","workflowName":"Proyecto ITSI","executionId":"648","nodeType":"n8n-nodes-base.set","nodeName":"Edit Fields2","nodeId":"ddca281d-98d0-48aa-8b79-9bae94fd0f78"}}
{"__type":"$$EventMessageConfirm","confirm":"5407d381-65d4-43e9-b338-fd74afdb873f","ts":"2026-01-03T11:46:38.255-05:00","source":{"id":"0","name":"eventBus"}}
{"__type":"$$EventMessageNode","id":"c57296fd-f654-49b8-b2bb-fc63d5bc451c","ts":"2026-01-03T11:46:38.277-05:00","eventName":"n8n.node.finished","message":"n8n.node.finished","payload":{"workflowId":"bWF48OWHKGgpaQpr","workflowName":"Proyecto ITSI","executionId":"648","nodeType":"n8n-nodes-base.set","nodeName":"Edit Fields2","nodeId":"ddca281d-98d0-48aa-8b79-9bae94fd0f78"}}
{"__type":"$$EventMessageConfirm","confirm":"c57296fd-f654-49b8-b2bb-fc63d5bc451c","ts":"2026-01-03T11:46:38.278-05:00","source":{"id":"0","name":"eventBus"}}
{"__type":"$$EventMessageNode","id":"5e9d5364-cd87-4c70-8e06-ff0b17545c42","ts":"2026-01-03T11:46:38.279-05:00","eventName":"n8n.node.started","message":"n8n.node.started","payload":{"workflowId":"bWF48OWHKGgpaQpr","workflowName":"Proyecto ITSI","executionId":"648","nodeType":"n8n-nodes-base.postgres","nodeName":"Insert rows in a table","nodeId":"dbe924f9-3e3d-4ad0-a8a2-0b1aba6f102e"}}
{"__type":"$$EventMessageConfirm","confirm":"5e9d5364-cd87-4c70-8e06-ff0b17545c42","ts":"2026-01-03T11:46:38.280-05:00","source":{"id":"0","name":"eventBus"}}
{"__type":"$$EventMessageNode","id":"58d9445c-bfb9-452c-bb9b-4e8c34cdc7bc","ts":"2026-01-03T11:46:38.394-05:00","eventName":"n8n.node.finished","message":"n8n.node.finished","payload":{"workflowId":"bWF48OWHKGgpaQpr","workflowName":"Proyecto ITSI","executionId":"648","nodeType":"n8n-nodes-base.postgres","nodeName":"Insert rows in a table","nodeId":"dbe924f9-3e3d-4ad0-a8a2-0b1aba6f102e"}}
{"__type":"$$EventMessageConfirm","confirm":"58d9445c-bfb9-452c-bb9b-4e8c34cdc7bc","ts":"2026-01-03T11:46:38.395-05:00","source":{"id":"0","name":"eventBus"}}
{"__type":"$$EventMessageNode","id":"f41b0af3-749b-4812-8600-f653fe8a1404","ts":"2026-01-03T11:46:38.395-05:00","eventName":"n8n.node.started","message":"n8n.node.started","payload":{"workflowId":"bWF48OWHKGgpaQpr","workflowName":"Proyecto ITSI","executionId":"648","nodeType":"n8n-nodes-base.switch","nodeName":"Switch","nodeId":"1c9cb01e-8c4b-49c1-a552-3afb7e34c563"}}
{"__type":"$$EventMessageConfirm","confirm":"f41b0af3-749b-4812-8600-f653fe8a1404","ts":"2026-01-03T11:46:38.395-05:00","source":{"id":"0","name":"eventBus"}}
{"__type":"$$EventMessageNode","id":"787b6109-9c17-486c-85b7-d028a97addc3","ts":"2026-01-03T11:46:38.403-05:00","eventName":"n8n.node.finished","message":"n8n.node.finished","payload":{"workflowId":"bWF48OWHKGgpaQpr","workflowName":"Proyecto ITSI","executionId":"648","nodeType":"n8n-nodes-base.switch","nodeName":"Switch","nodeId":"1c9cb01e-8c4b-49c1-a552-3afb7e34c563"}}
{"__type":"$$EventMessageConfirm","confirm":"787b6109-9c17-486c-85b7-d028a97addc3","ts":"2026-01-03T11:46:38.403-05:00","source":{"id":"0","name":"eventBus"}}
{"__type":"$$EventMessageNode","id":"4ee168c0-a699-4d1d-ae4f-753981912fe1","ts":"2026-01-03T11:46:38.403-05:00","eventName":"n8n.node.started","message":"n8n.node.started","payload":{"workflowId":"bWF48OWHKGgpaQpr","workflowName":"Proyecto ITSI","executionId":"648","nodeType":"n8n-nodes-base.rabbitmq","nodeName":"RabbitMQ1","nodeId":"fa41be98-5726-4e09-a668-22225bce0c23"}}
{"__type":"$$EventMessageConfirm","confirm":"4ee168c0-a699-4d1d-ae4f-753981912fe1","ts":"2026-01-03T11:46:38.404-05:00","source":{"id":"0","name":"eventBus"}}
{"__type":"$$EventMessageNode","id":"84be6ea7-e5c2-47e7-bd73-048b6f427834","ts":"2026-01-03T11:46:38.514-05:00","eventName":"n8n.node.finished","message":"n8n.node.finished","payload":{"workflowId":"bWF48OWHKGgpaQpr","workflowName":"Proyecto ITSI","executionId":"648","nodeType":"n8n-nodes-base.rabbitmq","nodeName":"RabbitMQ1","nodeId":"fa41be98-5726-4e09-a668-22225bce0c23"}}
{"__type":"$$EventMessageConfirm","confirm":"84be6ea7-e5c2-47e7-bd73-048b6f427834","ts":"2026-01-03T11:46:38.515-05:00","source":{"id":"0","name":"eventBus"}}
{"__type":"$$EventMessageNode","id":"cd9ddca2-50da-49c0-80d4-5d7b12290472","ts":"2026-01-03T11:46:38.517-05:00","eventName":"n8n.node.started","message":"n8n.node.started","payload":{"workflowId":"bWF48OWHKGgpaQpr","workflowName":"Proyecto ITSI","executionId":"648","nodeType":"n8n-nodes-base.merge","nodeName":"Merge","nodeId":"a81a74e1-b293-4e5a-9029-dd939bc41194"}}
{"__type":"$$EventMessageConfirm","confirm":"cd9ddca2-50da-49c0-80d4-5d7b12290472","ts":"2026-01-03T11:46:38.518-05:00","source":{"id":"0","name":"eventBus"}}
{"__type":"$$EventMessageNode","id":"cbadbd33-0ddb-4106-9b9c-d78182a05888","ts":"2026-01-03T11:46:38.519-05:00","eventName":"n8n.node.finished","message":"n8n.node.finished","payload":{"workflowId":"bWF48OWHKGgpaQpr","workflowName":"Proyecto ITSI","executionId":"648","nodeType":"n8n-nodes-base.merge","nodeName":"Merge","nodeId":"a81a74e1-b293-4e5a-9029-dd939bc41194"}}
{"__type":"$$EventMessageConfirm","confirm":"cbadbd33-0ddb-4106-9b9c-d78182a05888","ts":"2026-01-03T11:46:38.519-05:00","source":{"id":"0","name":"eventBus"}}
{"__type":"$$EventMessageNode","id":"3c720a31-c1d6-4c05-8db2-7f30478cc994","ts":"2026-01-03T11:46:38.520-05:00","eventName":"n8n.node.started","message":"n8n.node.started","payload":{"workflowId":"bWF48OWHKGgpaQpr","workflowName":"Proyecto ITSI","executionId":"648","nodeType":"n8n-nodes-base.set","nodeName":"Edit Fields3","nodeId":"0ad0c19d-ee51-41da-894a-8d08eaa8e045"}}
{"__type":"$$EventMessageConfirm","confirm":"3c720a31-c1d6-4c05-8db2-7f30478cc994","ts":"2026-01-03T11:46:38.520-05:00","source":{"id":"0","name":"eventBus"}}
{"__type":"$$EventMessageNode","id":"4c19fedb-2ba5-41c9-b4b7-74118ff7856e","ts":"2026-01-03T11:46:38.529-05:00","eventName":"n8n.node.finished","message":"n8n.node.finished","payload":{"workflowId":"bWF48OWHKGgpaQpr","workflowName":"Proyecto ITSI","executionId":"648","nodeType":"n8n-nodes-base.set","nodeName":"Edit Fields3","nodeId":"0ad0c19d-ee51-41da-894a-8d08eaa8e045"}}
{"__type":"$$EventMessageConfirm","confirm":"4c19fedb-2ba5-41c9-b4b7-74118ff7856e","ts":"2026-01-03T11:46:38.530-05:00","source":{"id":"0","name":"eventBus"}}
{"__type":"$$EventMessageNode","id":"7c1c476a-6bed-4dbd-8a0f-fe4f371bb87c","ts":"2026-01-03T11:46:38.532-05:00","eventName":"n8n.node.started","message":"n8n.node.started","payload":{"workflowId":"bWF48OWHKGgpaQpr","workflowName":"Proyecto ITSI","executionId":"648","nodeType":"n8n-nodes-base.executeWorkflow","nodeName":"Call 'Sub-flujo: Notificar Cliente'","nodeId":"ed356c56-0f3e-45d4-9e88-c7cddcdbf041"}}
{"__type":"$$EventMessageConfirm","confirm":"7c1c476a-6bed-4dbd-8a0f-fe4f371bb87c","ts":"2026-01-03T11:46:38.532-05:00","source":{"id":"0","name":"eventBus"}}
{"__type":"$$EventMessageWorkflow","id":"81370e52-5760-40d5-b3cb-6fd6c40457ef","ts":"2026-01-03T11:46:38.671-05:00","eventName":"n8n.workflow.started","message":"n8n.workflow.started","payload":{"executionId":"649","workflowId":"AoZcm6aV9HfMQcdz","isManual":false,"workflowName":"Sub-flujo: Notificar Cliente"}}
{"__type":"$$EventMessageConfirm","confirm":"81370e52-5760-40d5-b3cb-6fd6c40457ef","ts":"2026-01-03T11:46:38.671-05:00","source":{"id":"0","name":"eventBus"}}
{"__type":"$$EventMessageNode","id":"40be4278-84a7-400d-bf04-6fc48da86910","ts":"2026-01-03T11:46:38.671-05:00","eventName":"n8n.node.started","message":"n8n.node.started","payload":{"workflowId":"AoZcm6aV9HfMQcdz","workflowName":"Sub-flujo: Notificar Cliente","executionId":"649","nodeType":"n8n-nodes-base.executeWorkflowTrigger","nodeName":"When Executed by Another Workflow","nodeId":"3dd51426-6bd0-4529-82b9-babb26538611"}}
{"__type":"$$EventMessageConfirm","confirm":"40be4278-84a7-400d-bf04-6fc48da86910","ts":"2026-01-03T11:46:38.671-05:00","source":{"id":"0","name":"eventBus"}}
{"__type":"$$EventMessageNode","id":"aff07d3b-305c-4ca6-9f01-9b85a8a01d09","ts":"2026-01-03T11:46:38.672-05:00","eventName":"n8n.node.finished","message":"n8n.node.finished","payload":{"workflowId":"AoZcm6aV9HfMQcdz","workflowName":"Sub-flujo: Notificar Cliente","executionId":"649","nodeType":"n8n-nodes-base.executeWorkflowTrigger","nodeName":"When Executed by Another Workflow","nodeId":"3dd51426-6bd0-4529-82b9-babb26538611"}}
{"__type":"$$EventMessageConfirm","confirm":"aff07d3b-305c-4ca6-9f01-9b85a8a01d09","ts":"2026-01-03T11:46:38.672-05:00","source":{"id":"0","name":"eventBus"}}
{"__type":"$$EventMessageNode","id":"5a7975c6-b08c-4779-8dba-65c6115cd889","ts":"2026-01-03T11:46:38.673-05:00","eventName":"n8n.node.started","message":"n8n.node.started","payload":{"workflowId":"AoZcm6aV9HfMQcdz","workflowName":"Sub-flujo: Notificar Cliente","executionId":"649","nodeType":"n8n-nodes-base.gmail","nodeName":"Send a message","nodeId":"d83e6ba7-6371-4418-bcfb-b19ecb985743"}}
{"__type":"$$EventMessageConfirm","confirm":"5a7975c6-b08c-4779-8dba-65c6115cd889","ts":"2026-01-03T11:46:38.673-05:00","source":{"id":"0","name":"eventBus"}}
{"__type":"$$EventMessageNode","id":"abae685b-062c-47dd-b9b7-1e51c0cd00c7","ts":"2026-01-03T11:46:39.173-05:00","eventName":"n8n.node.finished","message":"n8n.node.finished","payload":{"workflowId":"AoZcm6aV9HfMQcdz","workflowName":"Sub-flujo: Notificar Cliente","executionId":"649","nodeType":"n8n-nodes-base.gmail","nodeName":"Send a message","nodeId":"d83e6ba7-6371-4418-bcfb-b19ecb985743"}}
{"__type":"$$EventMessageConfirm","confirm":"abae685b-062c-47dd-b9b7-1e51c0cd00c7","ts":"2026-01-03T11:46:39.174-05:00","source":{"id":"0","name":"eventBus"}}
{"__type":"$$EventMessageWorkflow","id":"1f68223e-daeb-44af-95b7-1244ba8983c3","ts":"2026-01-03T11:46:39.175-05:00","eventName":"n8n.workflow.success","message":"n8n.workflow.success","payload":{"executionId":"649","success":true,"isManual":false,"workflowId":"AoZcm6aV9HfMQcdz","workflowName":"Sub-flujo: Notificar Cliente"}}
{"__type":"$$EventMessageConfirm","confirm":"1f68223e-daeb-44af-95b7-1244ba8983c3","ts":"2026-01-03T11:46:39.176-05:00","source":{"id":"0","name":"eventBus"}}
{"__type":"$$EventMessageNode","id":"13e91188-9835-4600-8dd5-a3c6460a339a","ts":"2026-01-03T11:46:39.270-05:00","eventName":"n8n.node.finished","message":"n8n.node.finished","payload":{"workflowId":"bWF48OWHKGgpaQpr","workflowName":"Proyecto ITSI","executionId":"648","nodeType":"n8n-nodes-base.executeWorkflow","nodeName":"Call 'Sub-flujo: Notificar Cliente'","nodeId":"ed356c56-0f3e-45d4-9e88-c7cddcdbf041"}}
{"__type":"$$EventMessageConfirm","confirm":"13e91188-9835-4600-8dd5-a3c6460a339a","ts":"2026-01-03T11:46:39.272-05:00","source":{"id":"0","name":"eventBus"}}
{"__type":"$$EventMessageWorkflow","id":"e237f52e-68a4-472c-a4fc-af5aef5e0bb8","ts":"2026-01-03T11:46:39.274-05:00","eventName":"n8n.workflow.success","message":"n8n.workflow.success","payload":{"executionId":"648","success":true,"isManual":false,"workflowId":"bWF48OWHKGgpaQpr","workflowName":"Proyecto ITSI"}}
{"__type":"$$EventMessageConfirm","confirm":"e237f52e-68a4-472c-a4fc-af5aef5e0bb8","ts":"2026-01-03T11:46:39.274-05:00","source":{"id":"0","name":"eventBus"}}
{"__type":"$$EventMessageWorkflow","id":"1ebc9f01-a3f7-4585-bc59-b188fb5ca303","ts":"2026-01-03T11:49:31.188-05:00","eventName":"n8n.workflow.started","message":"n8n.workflow.started","payload":{"executionId":"650","workflowId":"AoZcm6aV9HfMQcdz","isManual":false,"workflowName":"Sub-flujo: Notificar Cliente"}}
{"__type":"$$EventMessageConfirm","confirm":"1ebc9f01-a3f7-4585-bc59-b188fb5ca303","ts":"2026-01-03T11:49:31.188-05:00","source":{"id":"0","name":"eventBus"}}
{"__type":"$$EventMessageNode","id":"c17813c0-b0b4-4ce2-8937-7a674b1d6504","ts":"2026-01-03T11:49:31.190-05:00","eventName":"n8n.node.started","message":"n8n.node.started","payload":{"workflowId":"AoZcm6aV9HfMQcdz","workflowName":"Sub-flujo: Notificar Cliente","executionId":"650","nodeType":"n8n-nodes-base.executeWorkflowTrigger","nodeName":"When Executed by Another Workflow","nodeId":"3dd51426-6bd0-4529-82b9-babb26538611"}}
{"__type":"$$EventMessageConfirm","confirm":"c17813c0-b0b4-4ce2-8937-7a674b1d6504","ts":"2026-01-03T11:49:31.191-05:00","source":{"id":"0","name":"eventBus"}}
{"__type":"$$EventMessageNode","id":"38cb7ce6-cf32-4069-a285-003f83b389c7","ts":"2026-01-03T11:49:31.193-05:00","eventName":"n8n.node.finished","message":"n8n.node.finished","payload":{"workflowId":"AoZcm6aV9HfMQcdz","workflowName":"Sub-flujo: Notificar Cliente","executionId":"650","nodeType":"n8n-nodes-base.executeWorkflowTrigger","nodeName":"When Executed by Another Workflow","nodeId":"3dd51426-6bd0-4529-82b9-babb26538611"}}
{"__type":"$$EventMessageConfirm","confirm":"38cb7ce6-cf32-4069-a285-003f83b389c7","ts":"2026-01-03T11:49:31.193-05:00","source":{"id":"0","name":"eventBus"}}
{"__type":"$$EventMessageNode","id":"4ba6179b-795b-42dc-90c7-f1ea46448abc","ts":"2026-01-03T11:49:31.195-05:00","eventName":"n8n.node.started","message":"n8n.node.started","payload":{"workflowId":"AoZcm6aV9HfMQcdz","workflowName":"Sub-flujo: Notificar Cliente","executionId":"650","nodeType":"n8n-nodes-base.gmail","nodeName":"Send a message","nodeId":"d83e6ba7-6371-4418-bcfb-b19ecb985743"}}
{"__type":"$$EventMessageConfirm","confirm":"4ba6179b-795b-42dc-90c7-f1ea46448abc","ts":"2026-01-03T11:49:31.196-05:00","source":{"id":"0","name":"eventBus"}}
{"__type":"$$EventMessageNode","id":"3b4b4536-231e-456a-aa2c-54c48b638742","ts":"2026-01-03T11:49:31.245-05:00","eventName":"n8n.node.finished","message":"n8n.node.finished","payload":{"workflowId":"AoZcm6aV9HfMQcdz","workflowName":"Sub-flujo: Notificar Cliente","executionId":"650","nodeType":"n8n-nodes-base.gmail","nodeName":"Send a message","nodeId":"d83e6ba7-6371-4418-bcfb-b19ecb985743"}}
{"__type":"$$EventMessageConfirm","confirm":"3b4b4536-231e-456a-aa2c-54c48b638742","ts":"2026-01-03T11:49:31.245-05:00","source":{"id":"0","name":"eventBus"}}
{"__type":"$$EventMessageWorkflow","id":"5c82d929-47c2-443e-92dd-a3892f7424c0","ts":"2026-01-03T11:49:31.255-05:00","eventName":"n8n.workflow.failed","message":"n8n.workflow.failed","payload":{"userId":"320a3f0c-72cf-4854-85b0-40af06954d1d","executionId":"650","success":false,"isManual":true,"workflowId":"AoZcm6aV9HfMQcdz","workflowName":"Sub-flujo: Notificar Cliente","lastNodeExecuted":"Send a message","errorNodeType":"n8n-nodes-base.gmail","errorMessage":"Invalid email address (item 0)"}}
{"__type":"$$EventMessageConfirm","confirm":"5c82d929-47c2-443e-92dd-a3892f7424c0","ts":"2026-01-03T11:49:31.256-05:00","source":{"id":"0","name":"eventBus"}}
{"__type":"$$EventMessageWorkflow","id":"73128deb-ea13-4141-8cfc-b82fbee60f04","ts":"2026-01-03T11:50:21.663-05:00","eventName":"n8n.workflow.started","message":"n8n.workflow.started","payload":{"executionId":"651","workflowId":"AoZcm6aV9HfMQcdz","isManual":false,"workflowName":"Sub-flujo: Notificar Cliente"}}
{"__type":"$$EventMessageConfirm","confirm":"73128deb-ea13-4141-8cfc-b82fbee60f04","ts":"2026-01-03T11:50:21.664-05:00","source":{"id":"0","name":"eventBus"}}
{"__type":"$$EventMessageNode","id":"b284de38-7515-43c3-9953-26b82ba44dba","ts":"2026-01-03T11:50:21.665-05:00","eventName":"n8n.node.started","message":"n8n.node.started","payload":{"workflowId":"AoZcm6aV9HfMQcdz","workflowName":"Sub-flujo: Notificar Cliente","executionId":"651","nodeType":"n8n-nodes-base.executeWorkflowTrigger","nodeName":"When Executed by Another Workflow","nodeId":"3dd51426-6bd0-4529-82b9-babb26538611"}}
{"__type":"$$EventMessageConfirm","confirm":"b284de38-7515-43c3-9953-26b82ba44dba","ts":"2026-01-03T11:50:21.665-05:00","source":{"id":"0","name":"eventBus"}}
{"__type":"$$EventMessageNode","id":"1c479e7f-c250-4a96-9419-aabf59d545da","ts":"2026-01-03T11:50:21.669-05:00","eventName":"n8n.node.finished","message":"n8n.node.finished","payload":{"workflowId":"AoZcm6aV9HfMQcdz","workflowName":"Sub-flujo: Notificar Cliente","executionId":"651","nodeType":"n8n-nodes-base.executeWorkflowTrigger","nodeName":"When Executed by Another Workflow","nodeId":"3dd51426-6bd0-4529-82b9-babb26538611"}}
{"__type":"$$EventMessageConfirm","confirm":"1c479e7f-c250-4a96-9419-aabf59d545da","ts":"2026-01-03T11:50:21.670-05:00","source":{"id":"0","name":"eventBus"}}
{"__type":"$$EventMessageNode","id":"28d2b5eb-2c84-4b69-8114-861a82562040","ts":"2026-01-03T11:50:21.671-05:00","eventName":"n8n.node.started","message":"n8n.node.started","payload":{"workflowId":"AoZcm6aV9HfMQcdz","workflowName":"Sub-flujo: Notificar Cliente","executionId":"651","nodeType":"n8n-nodes-base.gmail","nodeName":"Send a message","nodeId":"d83e6ba7-6371-4418-bcfb-b19ecb985743"}}
{"__type":"$$EventMessageConfirm","confirm":"28d2b5eb-2c84-4b69-8114-861a82562040","ts":"2026-01-03T11:50:21.672-05:00","source":{"id":"0","name":"eventBus"}}
{"__type":"$$EventMessageNode","id":"d4802e12-47db-4833-a2c9-0fc1c66139e8","ts":"2026-01-03T11:50:21.678-05:00","eventName":"n8n.node.finished","message":"n8n.node.finished","payload":{"workflowId":"AoZcm6aV9HfMQcdz","workflowName":"Sub-flujo: Notificar Cliente","executionId":"651","nodeType":"n8n-nodes-base.gmail","nodeName":"Send a message","nodeId":"d83e6ba7-6371-4418-bcfb-b19ecb985743"}}
{"__type":"$$EventMessageConfirm","confirm":"d4802e12-47db-4833-a2c9-0fc1c66139e8","ts":"2026-01-03T11:50:21.679-05:00","source":{"id":"0","name":"eventBus"}}
{"__type":"$$EventMessageWorkflow","id":"3c802751-0152-491b-a7e6-fdaccd358234","ts":"2026-01-03T11:50:21.683-05:00","eventName":"n8n.workflow.failed","message":"n8n.workflow.failed","payload":{"userId":"320a3f0c-72cf-4854-85b0-40af06954d1d","executionId":"651","success":false,"isManual":true,"workflowId":"AoZcm6aV9HfMQcdz","workflowName":"Sub-flujo: Notificar Cliente","lastNodeExecuted":"Send a message","errorNodeType":"n8n-nodes-base.gmail","errorMessage":"Invalid email address (item 0)"}}
{"__type":"$$EventMessageConfirm","confirm":"3c802751-0152-491b-a7e6-fdaccd358234","ts":"2026-01-03T11:50:21.684-05:00","source":{"id":"0","name":"eventBus"}}
{"__type":"$$EventMessageWorkflow","id":"0f52028a-7db5-4bc3-bfe5-cebb4946d613","ts":"2026-01-03T11:50:24.980-05:00","eventName":"n8n.workflow.started","message":"n8n.workflow.started","payload":{"executionId":"652","workflowId":"bWF48OWHKGgpaQpr","isManual":false,"workflowName":"Proyecto ITSI"}}
{"__type":"$$EventMessageConfirm","confirm":"0f52028a-7db5-4bc3-bfe5-cebb4946d613","ts":"2026-01-03T11:50:24.980-05:00","source":{"id":"0","name":"eventBus"}}
{"__type":"$$EventMessageNode","id":"f4ce1fd4-e4d1-415b-b0ec-be861c56eade","ts":"2026-01-03T11:50:24.980-05:00","eventName":"n8n.node.started","message":"n8n.node.started","payload":{"workflowId":"bWF48OWHKGgpaQpr","workflowName":"Proyecto ITSI","executionId":"652","nodeType":"n8n-nodes-base.gmailTrigger","nodeName":"Gmail Trigger","nodeId":"10713d14-856d-4b97-8b53-9cfe29fab342"}}
{"__type":"$$EventMessageConfirm","confirm":"f4ce1fd4-e4d1-415b-b0ec-be861c56eade","ts":"2026-01-03T11:50:24.981-05:00","source":{"id":"0","name":"eventBus"}}
{"__type":"$$EventMessageWorkflow","id":"a4e06d74-fec6-45ae-91a4-1c30a2217fa3","ts":"2026-01-03T11:50:26.093-05:00","eventName":"n8n.workflow.success","message":"n8n.workflow.success","payload":{"userId":"320a3f0c-72cf-4854-85b0-40af06954d1d","executionId":"652","success":true,"isManual":true,"workflowId":"bWF48OWHKGgpaQpr","workflowName":"Proyecto ITSI"}}
{"__type":"$$EventMessageConfirm","confirm":"a4e06d74-fec6-45ae-91a4-1c30a2217fa3","ts":"2026-01-03T11:50:26.094-05:00","source":{"id":"0","name":"eventBus"}}
{"__type":"$$EventMessageWorkflow","id":"bcca0a9e-6b1d-465d-bee4-585bc986c1c8","ts":"2026-01-03T11:50:34.152-05:00","eventName":"n8n.workflow.started","message":"n8n.workflow.started","payload":{"executionId":"653","workflowId":"bWF48OWHKGgpaQpr","isManual":false,"workflowName":"Proyecto ITSI"}}
{"__type":"$$EventMessageConfirm","confirm":"bcca0a9e-6b1d-465d-bee4-585bc986c1c8","ts":"2026-01-03T11:50:34.152-05:00","source":{"id":"0","name":"eventBus"}}
{"__type":"$$EventMessageNode","id":"6015725d-bb05-47e7-af42-8e17fda69942","ts":"2026-01-03T11:50:34.152-05:00","eventName":"n8n.node.started","message":"n8n.node.started","payload":{"workflowId":"bWF48OWHKGgpaQpr","workflowName":"Proyecto ITSI","executionId":"653","nodeType":"n8n-nodes-base.gmailTrigger","nodeName":"Gmail Trigger","nodeId":"10713d14-856d-4b97-8b53-9cfe29fab342"}}
{"__type":"$$EventMessageConfirm","confirm":"6015725d-bb05-47e7-af42-8e17fda69942","ts":"2026-01-03T11:50:34.152-05:00","source":{"id":"0","name":"eventBus"}}
{"__type":"$$EventMessageNode","id":"ff02e0d6-0efc-4057-9465-ee936cc8c37d","ts":"2026-01-03T11:50:34.153-05:00","eventName":"n8n.node.finished","message":"n8n.node.finished","payload":{"workflowId":"bWF48OWHKGgpaQpr","workflowName":"Proyecto ITSI","executionId":"653","nodeType":"n8n-nodes-base.gmailTrigger","nodeName":"Gmail Trigger","nodeId":"10713d14-856d-4b97-8b53-9cfe29fab342"}}
{"__type":"$$EventMessageConfirm","confirm":"ff02e0d6-0efc-4057-9465-ee936cc8c37d","ts":"2026-01-03T11:50:34.153-05:00","source":{"id":"0","name":"eventBus"}}
{"__type":"$$EventMessageNode","id":"a627dbc8-d688-43a6-97c6-16a832083260","ts":"2026-01-03T11:50:34.153-05:00","eventName":"n8n.node.started","message":"n8n.node.started","payload":{"workflowId":"bWF48OWHKGgpaQpr","workflowName":"Proyecto ITSI","executionId":"653","nodeType":"@n8n/n8n-nodes-langchain.googleGemini","nodeName":"Message a model","nodeId":"9542e2fc-24b7-4fb1-8601-1ad86f37613f"}}
{"__type":"$$EventMessageConfirm","confirm":"a627dbc8-d688-43a6-97c6-16a832083260","ts":"2026-01-03T11:50:34.153-05:00","source":{"id":"0","name":"eventBus"}}
{"__type":"$$EventMessageWorkflow","id":"0d45e212-b8a1-4d27-be98-8f5e2b47f29e","ts":"2026-01-03T11:50:35.513-05:00","eventName":"n8n.workflow.started","message":"n8n.workflow.started","payload":{"executionId":"654","workflowId":"bWF48OWHKGgpaQpr","isManual":false,"workflowName":"Proyecto ITSI"}}
{"__type":"$$EventMessageConfirm","confirm":"0d45e212-b8a1-4d27-be98-8f5e2b47f29e","ts":"2026-01-03T11:50:35.514-05:00","source":{"id":"0","name":"eventBus"}}
{"__type":"$$EventMessageNode","id":"524aceac-e18e-4d6c-a164-53187773eb7a","ts":"2026-01-03T11:50:35.514-05:00","eventName":"n8n.node.started","message":"n8n.node.started","payload":{"workflowId":"bWF48OWHKGgpaQpr","workflowName":"Proyecto ITSI","executionId":"654","nodeType":"n8n-nodes-base.gmailTrigger","nodeName":"Gmail Trigger","nodeId":"10713d14-856d-4b97-8b53-9cfe29fab342"}}
{"__type":"$$EventMessageConfirm","confirm":"524aceac-e18e-4d6c-a164-53187773eb7a","ts":"2026-01-03T11:50:35.515-05:00","source":{"id":"0","name":"eventBus"}}
{"__type":"$$EventMessageNode","id":"0ae29a4e-9e2a-4b7f-8d63-a8acc5a2b305","ts":"2026-01-03T11:50:36.563-05:00","eventName":"n8n.node.finished","message":"n8n.node.finished","payload":{"workflowId":"bWF48OWHKGgpaQpr","workflowName":"Proyecto ITSI","executionId":"654","nodeType":"n8n-nodes-base.gmailTrigger","nodeName":"Gmail Trigger","nodeId":"10713d14-856d-4b97-8b53-9cfe29fab342"}}
{"__type":"$$EventMessageConfirm","confirm":"0ae29a4e-9e2a-4b7f-8d63-a8acc5a2b305","ts":"2026-01-03T11:50:36.564-05:00","source":{"id":"0","name":"eventBus"}}
{"__type":"$$EventMessageNode","id":"6f877370-b09c-419a-a60a-6653edc90c6e","ts":"2026-01-03T11:50:36.567-05:00","eventName":"n8n.node.started","message":"n8n.node.started","payload":{"workflowId":"bWF48OWHKGgpaQpr","workflowName":"Proyecto ITSI","executionId":"654","nodeType":"@n8n/n8n-nodes-langchain.googleGemini","nodeName":"Message a model","nodeId":"9542e2fc-24b7-4fb1-8601-1ad86f37613f"}}
{"__type":"$$EventMessageConfirm","confirm":"6f877370-b09c-419a-a60a-6653edc90c6e","ts":"2026-01-03T11:50:36.568-05:00","source":{"id":"0","name":"eventBus"}}
{"__type":"$$EventMessageNode","id":"f9c5d43e-39a1-4afb-bc3c-1f15e6a12b7f","ts":"2026-01-03T11:50:37.845-05:00","eventName":"n8n.node.finished","message":"n8n.node.finished","payload":{"workflowId":"bWF48OWHKGgpaQpr","workflowName":"Proyecto ITSI","executionId":"653","nodeType":"@n8n/n8n-nodes-langchain.googleGemini","nodeName":"Message a model","nodeId":"9542e2fc-24b7-4fb1-8601-1ad86f37613f"}}
{"__type":"$$EventMessageConfirm","confirm":"f9c5d43e-39a1-4afb-bc3c-1f15e6a12b7f","ts":"2026-01-03T11:50:37.845-05:00","source":{"id":"0","name":"eventBus"}}
{"__type":"$$EventMessageNode","id":"6c04082a-17de-49a9-8866-4bd27eee312b","ts":"2026-01-03T11:50:37.847-05:00","eventName":"n8n.node.started","message":"n8n.node.started","payload":{"workflowId":"bWF48OWHKGgpaQpr","workflowName":"Proyecto ITSI","executionId":"653","nodeType":"n8n-nodes-base.set","nodeName":"Edit Fields1","nodeId":"7d2ec8dd-8f9a-4a0f-adcc-d6a22c674061"}}
{"__type":"$$EventMessageConfirm","confirm":"6c04082a-17de-49a9-8866-4bd27eee312b","ts":"2026-01-03T11:50:37.848-05:00","source":{"id":"0","name":"eventBus"}}
{"__type":"$$EventMessageNode","id":"bfed1469-d99b-4b9f-be33-77d95b8e30aa","ts":"2026-01-03T11:50:37.870-05:00","eventName":"n8n.node.finished","message":"n8n.node.finished","payload":{"workflowId":"bWF48OWHKGgpaQpr","workflowName":"Proyecto ITSI","executionId":"653","nodeType":"n8n-nodes-base.set","nodeName":"Edit Fields1","nodeId":"7d2ec8dd-8f9a-4a0f-adcc-d6a22c674061"}}
{"__type":"$$EventMessageConfirm","confirm":"bfed1469-d99b-4b9f-be33-77d95b8e30aa","ts":"2026-01-03T11:50:37.871-05:00","source":{"id":"0","name":"eventBus"}}
{"__type":"$$EventMessageNode","id":"dc08d46f-c223-4951-84b1-5913916f886e","ts":"2026-01-03T11:50:37.873-05:00","eventName":"n8n.node.started","message":"n8n.node.started","payload":{"workflowId":"bWF48OWHKGgpaQpr","workflowName":"Proyecto ITSI","executionId":"653","nodeType":"n8n-nodes-base.postgres","nodeName":"Execute a SQL query","nodeId":"a7d8b01a-13bb-4edc-9d69-2a15dcfa654e"}}
{"__type":"$$EventMessageConfirm","confirm":"dc08d46f-c223-4951-84b1-5913916f886e","ts":"2026-01-03T11:50:37.873-05:00","source":{"id":"0","name":"eventBus"}}
{"__type":"$$EventMessageNode","id":"d081ba91-4c85-41e0-bdc3-673a2fe7eebc","ts":"2026-01-03T11:50:37.982-05:00","eventName":"n8n.node.finished","message":"n8n.node.finished","payload":{"workflowId":"bWF48OWHKGgpaQpr","workflowName":"Proyecto ITSI","executionId":"653","nodeType":"n8n-nodes-base.postgres","nodeName":"Execute a SQL query","nodeId":"a7d8b01a-13bb-4edc-9d69-2a15dcfa654e"}}
{"__type":"$$EventMessageConfirm","confirm":"d081ba91-4c85-41e0-bdc3-673a2fe7eebc","ts":"2026-01-03T11:50:37.983-05:00","source":{"id":"0","name":"eventBus"}}
{"__type":"$$EventMessageNode","id":"97da19ab-891b-48f6-83b0-fa41ceb577d8","ts":"2026-01-03T11:50:37.984-05:00","eventName":"n8n.node.started","message":"n8n.node.started","payload":{"workflowId":"bWF48OWHKGgpaQpr","workflowName":"Proyecto ITSI","executionId":"653","nodeType":"n8n-nodes-base.if","nodeName":"If","nodeId":"c901c88a-ac87-4503-9609-80e74050f0cc"}}
{"__type":"$$EventMessageConfirm","confirm":"97da19ab-891b-48f6-83b0-fa41ceb577d8","ts":"2026-01-03T11:50:37.985-05:00","source":{"id":"0","name":"eventBus"}}
{"__type":"$$EventMessageNode","id":"f3f7ac0f-5d03-437f-a6b3-70a8ec9f677e","ts":"2026-01-03T11:50:37.987-05:00","eventName":"n8n.node.finished","message":"n8n.node.finished","payload":{"workflowId":"bWF48OWHKGgpaQpr","workflowName":"Proyecto ITSI","executionId":"653","nodeType":"n8n-nodes-base.if","nodeName":"If","nodeId":"c901c88a-ac87-4503-9609-80e74050f0cc"}}
{"__type":"$$EventMessageConfirm","confirm":"f3f7ac0f-5d03-437f-a6b3-70a8ec9f677e","ts":"2026-01-03T11:50:37.988-05:00","source":{"id":"0","name":"eventBus"}}
{"__type":"$$EventMessageNode","id":"2eaf19fe-c830-44cb-a1ee-f2e51dc5b517","ts":"2026-01-03T11:50:37.991-05:00","eventName":"n8n.node.started","message":"n8n.node.started","payload":{"workflowId":"bWF48OWHKGgpaQpr","workflowName":"Proyecto ITSI","executionId":"653","nodeType":"n8n-nodes-base.set","nodeName":"Edit Fields2","nodeId":"ddca281d-98d0-48aa-8b79-9bae94fd0f78"}}
{"__type":"$$EventMessageConfirm","confirm":"2eaf19fe-c830-44cb-a1ee-f2e51dc5b517","ts":"2026-01-03T11:50:37.992-05:00","source":{"id":"0","name":"eventBus"}}
{"__type":"$$EventMessageNode","id":"b24202a2-5153-4efd-a55f-76e92824857d","ts":"2026-01-03T11:50:38.000-05:00","eventName":"n8n.node.finished","message":"n8n.node.finished","payload":{"workflowId":"bWF48OWHKGgpaQpr","workflowName":"Proyecto ITSI","executionId":"653","nodeType":"n8n-nodes-base.set","nodeName":"Edit Fields2","nodeId":"ddca281d-98d0-48aa-8b79-9bae94fd0f78"}}
{"__type":"$$EventMessageConfirm","confirm":"b24202a2-5153-4efd-a55f-76e92824857d","ts":"2026-01-03T11:50:38.000-05:00","source":{"id":"0","name":"eventBus"}}
{"__type":"$$EventMessageNode","id":"66c92ad9-b89a-4b36-aee4-24964cfd9042","ts":"2026-01-03T11:50:38.001-05:00","eventName":"n8n.node.started","message":"n8n.node.started","payload":{"workflowId":"bWF48OWHKGgpaQpr","workflowName":"Proyecto ITSI","executionId":"653","nodeType":"n8n-nodes-base.postgres","nodeName":"Insert rows in a table","nodeId":"dbe924f9-3e3d-4ad0-a8a2-0b1aba6f102e"}}
{"__type":"$$EventMessageConfirm","confirm":"66c92ad9-b89a-4b36-aee4-24964cfd9042","ts":"2026-01-03T11:50:38.001-05:00","source":{"id":"0","name":"eventBus"}}
{"__type":"$$EventMessageNode","id":"6b50a74d-5bb7-45a2-9251-313cdfeb0020","ts":"2026-01-03T11:50:38.054-05:00","eventName":"n8n.node.finished","message":"n8n.node.finished","payload":{"workflowId":"bWF48OWHKGgpaQpr","workflowName":"Proyecto ITSI","executionId":"653","nodeType":"n8n-nodes-base.postgres","nodeName":"Insert rows in a table","nodeId":"dbe924f9-3e3d-4ad0-a8a2-0b1aba6f102e"}}
{"__type":"$$EventMessageConfirm","confirm":"6b50a74d-5bb7-45a2-9251-313cdfeb0020","ts":"2026-01-03T11:50:38.054-05:00","source":{"id":"0","name":"eventBus"}}
{"__type":"$$EventMessageNode","id":"70b25353-1f24-45cb-b95a-3d8898064266","ts":"2026-01-03T11:50:38.054-05:00","eventName":"n8n.node.started","message":"n8n.node.started","payload":{"workflowId":"bWF48OWHKGgpaQpr","workflowName":"Proyecto ITSI","executionId":"653","nodeType":"n8n-nodes-base.switch","nodeName":"Switch","nodeId":"1c9cb01e-8c4b-49c1-a552-3afb7e34c563"}}
{"__type":"$$EventMessageConfirm","confirm":"70b25353-1f24-45cb-b95a-3d8898064266","ts":"2026-01-03T11:50:38.054-05:00","source":{"id":"0","name":"eventBus"}}
{"__type":"$$EventMessageNode","id":"392083cf-210c-4788-8ee0-7143490b4880","ts":"2026-01-03T11:50:38.059-05:00","eventName":"n8n.node.finished","message":"n8n.node.finished","payload":{"workflowId":"bWF48OWHKGgpaQpr","workflowName":"Proyecto ITSI","executionId":"653","nodeType":"n8n-nodes-base.switch","nodeName":"Switch","nodeId":"1c9cb01e-8c4b-49c1-a552-3afb7e34c563"}}
{"__type":"$$EventMessageConfirm","confirm":"392083cf-210c-4788-8ee0-7143490b4880","ts":"2026-01-03T11:50:38.059-05:00","source":{"id":"0","name":"eventBus"}}
{"__type":"$$EventMessageNode","id":"e97cf59c-6688-41eb-bcb5-b002eb624c04","ts":"2026-01-03T11:50:38.059-05:00","eventName":"n8n.node.started","message":"n8n.node.started","payload":{"workflowId":"bWF48OWHKGgpaQpr","workflowName":"Proyecto ITSI","executionId":"653","nodeType":"n8n-nodes-base.rabbitmq","nodeName":"RabbitMQ1","nodeId":"fa41be98-5726-4e09-a668-22225bce0c23"}}
{"__type":"$$EventMessageConfirm","confirm":"e97cf59c-6688-41eb-bcb5-b002eb624c04","ts":"2026-01-03T11:50:38.059-05:00","source":{"id":"0","name":"eventBus"}}
{"__type":"$$EventMessageNode","id":"f5181384-6e22-4fbc-800a-f7116293aeb9","ts":"2026-01-03T11:50:38.162-05:00","eventName":"n8n.node.finished","message":"n8n.node.finished","payload":{"workflowId":"bWF48OWHKGgpaQpr","workflowName":"Proyecto ITSI","executionId":"653","nodeType":"n8n-nodes-base.rabbitmq","nodeName":"RabbitMQ1","nodeId":"fa41be98-5726-4e09-a668-22225bce0c23"}}
{"__type":"$$EventMessageConfirm","confirm":"f5181384-6e22-4fbc-800a-f7116293aeb9","ts":"2026-01-03T11:50:38.162-05:00","source":{"id":"0","name":"eventBus"}}
{"__type":"$$EventMessageNode","id":"fa197878-f589-405c-b108-c3aafed727d4","ts":"2026-01-03T11:50:38.164-05:00","eventName":"n8n.node.started","message":"n8n.node.started","payload":{"workflowId":"bWF48OWHKGgpaQpr","workflowName":"Proyecto ITSI","executionId":"653","nodeType":"n8n-nodes-base.merge","nodeName":"Merge","nodeId":"a81a74e1-b293-4e5a-9029-dd939bc41194"}}
{"__type":"$$EventMessageConfirm","confirm":"fa197878-f589-405c-b108-c3aafed727d4","ts":"2026-01-03T11:50:38.164-05:00","source":{"id":"0","name":"eventBus"}}
{"__type":"$$EventMessageNode","id":"9cf5016d-140c-40ca-8cfd-b7fd48c09a27","ts":"2026-01-03T11:50:38.165-05:00","eventName":"n8n.node.finished","message":"n8n.node.finished","payload":{"workflowId":"bWF48OWHKGgpaQpr","workflowName":"Proyecto ITSI","executionId":"653","nodeType":"n8n-nodes-base.merge","nodeName":"Merge","nodeId":"a81a74e1-b293-4e5a-9029-dd939bc41194"}}
{"__type":"$$EventMessageConfirm","confirm":"9cf5016d-140c-40ca-8cfd-b7fd48c09a27","ts":"2026-01-03T11:50:38.165-05:00","source":{"id":"0","name":"eventBus"}}
{"__type":"$$EventMessageNode","id":"b8c0eeba-2b65-4092-a7fd-c6c2f11e88d4","ts":"2026-01-03T11:50:38.165-05:00","eventName":"n8n.node.started","message":"n8n.node.started","payload":{"workflowId":"bWF48OWHKGgpaQpr","workflowName":"Proyecto ITSI","executionId":"653","nodeType":"n8n-nodes-base.set","nodeName":"Edit Fields3","nodeId":"0ad0c19d-ee51-41da-894a-8d08eaa8e045"}}
{"__type":"$$EventMessageConfirm","confirm":"b8c0eeba-2b65-4092-a7fd-c6c2f11e88d4","ts":"2026-01-03T11:50:38.165-05:00","source":{"id":"0","name":"eventBus"}}
{"__type":"$$EventMessageNode","id":"99bf6aa8-9f94-45e9-a248-d35ea06d6e80","ts":"2026-01-03T11:50:38.168-05:00","eventName":"n8n.node.finished","message":"n8n.node.finished","payload":{"workflowId":"bWF48OWHKGgpaQpr","workflowName":"Proyecto ITSI","executionId":"653","nodeType":"n8n-nodes-base.set","nodeName":"Edit Fields3","nodeId":"0ad0c19d-ee51-41da-894a-8d08eaa8e045"}}
{"__type":"$$EventMessageConfirm","confirm":"99bf6aa8-9f94-45e9-a248-d35ea06d6e80","ts":"2026-01-03T11:50:38.168-05:00","source":{"id":"0","name":"eventBus"}}
{"__type":"$$EventMessageNode","id":"c9b19608-7e20-4126-8873-d488f8ed2380","ts":"2026-01-03T11:50:38.168-05:00","eventName":"n8n.node.started","message":"n8n.node.started","payload":{"workflowId":"bWF48OWHKGgpaQpr","workflowName":"Proyecto ITSI","executionId":"653","nodeType":"n8n-nodes-base.executeWorkflow","nodeName":"Call 'Sub-flujo: Notificar Cliente'","nodeId":"ed356c56-0f3e-45d4-9e88-c7cddcdbf041"}}
{"__type":"$$EventMessageConfirm","confirm":"c9b19608-7e20-4126-8873-d488f8ed2380","ts":"2026-01-03T11:50:38.168-05:00","source":{"id":"0","name":"eventBus"}}
{"__type":"$$EventMessageWorkflow","id":"7c66c9e7-a9d5-47fd-8571-18e220ffec82","ts":"2026-01-03T11:50:38.285-05:00","eventName":"n8n.workflow.started","message":"n8n.workflow.started","payload":{"executionId":"655","workflowId":"AoZcm6aV9HfMQcdz","isManual":false,"workflowName":"Sub-flujo: Notificar Cliente"}}
{"__type":"$$EventMessageConfirm","confirm":"7c66c9e7-a9d5-47fd-8571-18e220ffec82","ts":"2026-01-03T11:50:38.285-05:00","source":{"id":"0","name":"eventBus"}}
{"__type":"$$EventMessageNode","id":"d7f267fd-f99e-4951-97ba-5ccd2994e48b","ts":"2026-01-03T11:50:38.285-05:00","eventName":"n8n.node.started","message":"n8n.node.started","payload":{"workflowId":"AoZcm6aV9HfMQcdz","workflowName":"Sub-flujo: Notificar Cliente","executionId":"655","nodeType":"n8n-nodes-base.executeWorkflowTrigger","nodeName":"When Executed by Another Workflow","nodeId":"3dd51426-6bd0-4529-82b9-babb26538611"}}
{"__type":"$$EventMessageConfirm","confirm":"d7f267fd-f99e-4951-97ba-5ccd2994e48b","ts":"2026-01-03T11:50:38.285-05:00","source":{"id":"0","name":"eventBus"}}
{"__type":"$$EventMessageNode","id":"76a85dad-3191-4bde-8b72-cca8f42be935","ts":"2026-01-03T11:50:38.286-05:00","eventName":"n8n.node.finished","message":"n8n.node.finished","payload":{"workflowId":"AoZcm6aV9HfMQcdz","workflowName":"Sub-flujo: Notificar Cliente","executionId":"655","nodeType":"n8n-nodes-base.executeWorkflowTrigger","nodeName":"When Executed by Another Workflow","nodeId":"3dd51426-6bd0-4529-82b9-babb26538611"}}
{"__type":"$$EventMessageConfirm","confirm":"76a85dad-3191-4bde-8b72-cca8f42be935","ts":"2026-01-03T11:50:38.286-05:00","source":{"id":"0","name":"eventBus"}}
{"__type":"$$EventMessageNode","id":"411db0a0-1b5d-49d7-8bb4-039de4c80f78","ts":"2026-01-03T11:50:38.286-05:00","eventName":"n8n.node.started","message":"n8n.node.started","payload":{"workflowId":"AoZcm6aV9HfMQcdz","workflowName":"Sub-flujo: Notificar Cliente","executionId":"655","nodeType":"n8n-nodes-base.gmail","nodeName":"Send a message","nodeId":"d83e6ba7-6371-4418-bcfb-b19ecb985743"}}
{"__type":"$$EventMessageConfirm","confirm":"411db0a0-1b5d-49d7-8bb4-039de4c80f78","ts":"2026-01-03T11:50:38.287-05:00","source":{"id":"0","name":"eventBus"}}
{"__type":"$$EventMessageNode","id":"ab86ea74-8d79-43dc-b702-807d046dfd72","ts":"2026-01-03T11:50:38.818-05:00","eventName":"n8n.node.finished","message":"n8n.node.finished","payload":{"workflowId":"AoZcm6aV9HfMQcdz","workflowName":"Sub-flujo: Notificar Cliente","executionId":"655","nodeType":"n8n-nodes-base.gmail","nodeName":"Send a message","nodeId":"d83e6ba7-6371-4418-bcfb-b19ecb985743"}}
{"__type":"$$EventMessageConfirm","confirm":"ab86ea74-8d79-43dc-b702-807d046dfd72","ts":"2026-01-03T11:50:38.818-05:00","source":{"id":"0","name":"eventBus"}}
{"__type":"$$EventMessageWorkflow","id":"4ed3467e-15a8-4dde-a098-a8bb6055e86b","ts":"2026-01-03T11:50:38.819-05:00","eventName":"n8n.workflow.success","message":"n8n.workflow.success","payload":{"executionId":"655","success":true,"isManual":false,"workflowId":"AoZcm6aV9HfMQcdz","workflowName":"Sub-flujo: Notificar Cliente"}}
{"__type":"$$EventMessageConfirm","confirm":"4ed3467e-15a8-4dde-a098-a8bb6055e86b","ts":"2026-01-03T11:50:38.819-05:00","source":{"id":"0","name":"eventBus"}}
{"__type":"$$EventMessageNode","id":"492fc3fe-fc4a-4eef-b78e-98afa0db1f33","ts":"2026-01-03T11:50:38.884-05:00","eventName":"n8n.node.finished","message":"n8n.node.finished","payload":{"workflowId":"bWF48OWHKGgpaQpr","workflowName":"Proyecto ITSI","executionId":"653","nodeType":"n8n-nodes-base.executeWorkflow","nodeName":"Call 'Sub-flujo: Notificar Cliente'","nodeId":"ed356c56-0f3e-45d4-9e88-c7cddcdbf041"}}
{"__type":"$$EventMessageConfirm","confirm":"492fc3fe-fc4a-4eef-b78e-98afa0db1f33","ts":"2026-01-03T11:50:38.885-05:00","source":{"id":"0","name":"eventBus"}}
{"__type":"$$EventMessageWorkflow","id":"ad44b634-da1e-46a0-81b9-2a7831c4e06b","ts":"2026-01-03T11:50:38.885-05:00","eventName":"n8n.workflow.success","message":"n8n.workflow.success","payload":{"executionId":"653","success":true,"isManual":false,"workflowId":"bWF48OWHKGgpaQpr","workflowName":"Proyecto ITSI"}}
{"__type":"$$EventMessageConfirm","confirm":"ad44b634-da1e-46a0-81b9-2a7831c4e06b","ts":"2026-01-03T11:50:38.885-05:00","source":{"id":"0","name":"eventBus"}}
{"__type":"$$EventMessageNode","id":"259d6e6c-d9b4-4ab6-a5ad-da6ecee6e731","ts":"2026-01-03T11:50:42.831-05:00","eventName":"n8n.node.finished","message":"n8n.node.finished","payload":{"workflowId":"bWF48OWHKGgpaQpr","workflowName":"Proyecto ITSI","executionId":"654","nodeType":"@n8n/n8n-nodes-langchain.googleGemini","nodeName":"Message a model","nodeId":"9542e2fc-24b7-4fb1-8601-1ad86f37613f"}}
{"__type":"$$EventMessageConfirm","confirm":"259d6e6c-d9b4-4ab6-a5ad-da6ecee6e731","ts":"2026-01-03T11:50:42.833-05:00","source":{"id":"0","name":"eventBus"}}
{"__type":"$$EventMessageNode","id":"d76dad32-9eb7-46e7-885c-81b520d04f74","ts":"2026-01-03T11:50:42.836-05:00","eventName":"n8n.node.started","message":"n8n.node.started","payload":{"workflowId":"bWF48OWHKGgpaQpr","workflowName":"Proyecto ITSI","executionId":"654","nodeType":"n8n-nodes-base.set","nodeName":"Edit Fields1","nodeId":"7d2ec8dd-8f9a-4a0f-adcc-d6a22c674061"}}
{"__type":"$$EventMessageConfirm","confirm":"d76dad32-9eb7-46e7-885c-81b520d04f74","ts":"2026-01-03T11:50:42.837-05:00","source":{"id":"0","name":"eventBus"}}
{"__type":"$$EventMessageNode","id":"e9cbbbe6-d630-4069-9eef-382a5d076aa1","ts":"2026-01-03T11:50:42.861-05:00","eventName":"n8n.node.finished","message":"n8n.node.finished","payload":{"workflowId":"bWF48OWHKGgpaQpr","workflowName":"Proyecto ITSI","executionId":"654","nodeType":"n8n-nodes-base.set","nodeName":"Edit Fields1","nodeId":"7d2ec8dd-8f9a-4a0f-adcc-d6a22c674061"}}
{"__type":"$$EventMessageConfirm","confirm":"e9cbbbe6-d630-4069-9eef-382a5d076aa1","ts":"2026-01-03T11:50:42.862-05:00","source":{"id":"0","name":"eventBus"}}
{"__type":"$$EventMessageNode","id":"bc61c45c-e85f-4e33-a8e9-c65ba50ea817","ts":"2026-01-03T11:50:42.868-05:00","eventName":"n8n.node.started","message":"n8n.node.started","payload":{"workflowId":"bWF48OWHKGgpaQpr","workflowName":"Proyecto ITSI","executionId":"654","nodeType":"n8n-nodes-base.postgres","nodeName":"Execute a SQL query","nodeId":"a7d8b01a-13bb-4edc-9d69-2a15dcfa654e"}}
{"__type":"$$EventMessageConfirm","confirm":"bc61c45c-e85f-4e33-a8e9-c65ba50ea817","ts":"2026-01-03T11:50:42.869-05:00","source":{"id":"0","name":"eventBus"}}
{"__type":"$$EventMessageNode","id":"e118d774-5dee-4f7c-9fe9-214deaaa620e","ts":"2026-01-03T11:50:42.889-05:00","eventName":"n8n.node.finished","message":"n8n.node.finished","payload":{"workflowId":"bWF48OWHKGgpaQpr","workflowName":"Proyecto ITSI","executionId":"654","nodeType":"n8n-nodes-base.postgres","nodeName":"Execute a SQL query","nodeId":"a7d8b01a-13bb-4edc-9d69-2a15dcfa654e"}}
{"__type":"$$EventMessageConfirm","confirm":"e118d774-5dee-4f7c-9fe9-214deaaa620e","ts":"2026-01-03T11:50:42.889-05:00","source":{"id":"0","name":"eventBus"}}
{"__type":"$$EventMessageNode","id":"a788685a-7123-4bed-bb8b-1fd0fd9e3fe1","ts":"2026-01-03T11:50:42.896-05:00","eventName":"n8n.node.started","message":"n8n.node.started","payload":{"workflowId":"bWF48OWHKGgpaQpr","workflowName":"Proyecto ITSI","executionId":"654","nodeType":"n8n-nodes-base.if","nodeName":"If","nodeId":"c901c88a-ac87-4503-9609-80e74050f0cc"}}
{"__type":"$$EventMessageConfirm","confirm":"a788685a-7123-4bed-bb8b-1fd0fd9e3fe1","ts":"2026-01-03T11:50:42.897-05:00","source":{"id":"0","name":"eventBus"}}
{"__type":"$$EventMessageNode","id":"02dfe050-4aa4-4db5-847f-00952d8097f6","ts":"2026-01-03T11:50:42.905-05:00","eventName":"n8n.node.finished","message":"n8n.node.finished","payload":{"workflowId":"bWF48OWHKGgpaQpr","workflowName":"Proyecto ITSI","executionId":"654","nodeType":"n8n-nodes-base.if","nodeName":"If","nodeId":"c901c88a-ac87-4503-9609-80e74050f0cc"}}
{"__type":"$$EventMessageConfirm","confirm":"02dfe050-4aa4-4db5-847f-00952d8097f6","ts":"2026-01-03T11:50:42.906-05:00","source":{"id":"0","name":"eventBus"}}
{"__type":"$$EventMessageNode","id":"ac1b0b4a-ed54-4521-8c9c-be11fd6728f9","ts":"2026-01-03T11:50:42.911-05:00","eventName":"n8n.node.started","message":"n8n.node.started","payload":{"workflowId":"bWF48OWHKGgpaQpr","workflowName":"Proyecto ITSI","executionId":"654","nodeType":"n8n-nodes-base.set","nodeName":"Edit Fields2","nodeId":"ddca281d-98d0-48aa-8b79-9bae94fd0f78"}}
{"__type":"$$EventMessageConfirm","confirm":"ac1b0b4a-ed54-4521-8c9c-be11fd6728f9","ts":"2026-01-03T11:50:42.914-05:00","source":{"id":"0","name":"eventBus"}}
{"__type":"$$EventMessageNode","id":"0648dd56-022b-4d1d-9b6a-4619e0a8dbba","ts":"2026-01-03T11:50:42.937-05:00","eventName":"n8n.node.finished","message":"n8n.node.finished","payload":{"workflowId":"bWF48OWHKGgpaQpr","workflowName":"Proyecto ITSI","executionId":"654","nodeType":"n8n-nodes-base.set","nodeName":"Edit Fields2","nodeId":"ddca281d-98d0-48aa-8b79-9bae94fd0f78"}}
{"__type":"$$EventMessageConfirm","confirm":"0648dd56-022b-4d1d-9b6a-4619e0a8dbba","ts":"2026-01-03T11:50:42.937-05:00","source":{"id":"0","name":"eventBus"}}
{"__type":"$$EventMessageNode","id":"9f685750-fa30-48c7-b158-14565e1a4542","ts":"2026-01-03T11:50:42.941-05:00","eventName":"n8n.node.started","message":"n8n.node.started","payload":{"workflowId":"bWF48OWHKGgpaQpr","workflowName":"Proyecto ITSI","executionId":"654","nodeType":"n8n-nodes-base.postgres","nodeName":"Insert rows in a table","nodeId":"dbe924f9-3e3d-4ad0-a8a2-0b1aba6f102e"}}
{"__type":"$$EventMessageConfirm","confirm":"9f685750-fa30-48c7-b158-14565e1a4542","ts":"2026-01-03T11:50:42.942-05:00","source":{"id":"0","name":"eventBus"}}
{"__type":"$$EventMessageNode","id":"e5b69331-52c2-4356-a4ec-1bff6c25ad8e","ts":"2026-01-03T11:50:42.988-05:00","eventName":"n8n.node.finished","message":"n8n.node.finished","payload":{"workflowId":"bWF48OWHKGgpaQpr","workflowName":"Proyecto ITSI","executionId":"654","nodeType":"n8n-nodes-base.postgres","nodeName":"Insert rows in a table","nodeId":"dbe924f9-3e3d-4ad0-a8a2-0b1aba6f102e"}}
{"__type":"$$EventMessageConfirm","confirm":"e5b69331-52c2-4356-a4ec-1bff6c25ad8e","ts":"2026-01-03T11:50:42.988-05:00","source":{"id":"0","name":"eventBus"}}
{"__type":"$$EventMessageNode","id":"c06ca1e2-cc0e-4e80-a413-e0e3afc57113","ts":"2026-01-03T11:50:42.989-05:00","eventName":"n8n.node.started","message":"n8n.node.started","payload":{"workflowId":"bWF48OWHKGgpaQpr","workflowName":"Proyecto ITSI","executionId":"654","nodeType":"n8n-nodes-base.switch","nodeName":"Switch","nodeId":"1c9cb01e-8c4b-49c1-a552-3afb7e34c563"}}
{"__type":"$$EventMessageConfirm","confirm":"c06ca1e2-cc0e-4e80-a413-e0e3afc57113","ts":"2026-01-03T11:50:42.990-05:00","source":{"id":"0","name":"eventBus"}}
{"__type":"$$EventMessageNode","id":"20a7947e-01bd-440f-811d-291d04a01ff1","ts":"2026-01-03T11:50:42.997-05:00","eventName":"n8n.node.finished","message":"n8n.node.finished","payload":{"workflowId":"bWF48OWHKGgpaQpr","workflowName":"Proyecto ITSI","executionId":"654","nodeType":"n8n-nodes-base.switch","nodeName":"Switch","nodeId":"1c9cb01e-8c4b-49c1-a552-3afb7e34c563"}}
{"__type":"$$EventMessageConfirm","confirm":"20a7947e-01bd-440f-811d-291d04a01ff1","ts":"2026-01-03T11:50:42.997-05:00","source":{"id":"0","name":"eventBus"}}
{"__type":"$$EventMessageNode","id":"5de6e08a-21bc-4da1-bae3-b230ef24fc8e","ts":"2026-01-03T11:50:42.998-05:00","eventName":"n8n.node.started","message":"n8n.node.started","payload":{"workflowId":"bWF48OWHKGgpaQpr","workflowName":"Proyecto ITSI","executionId":"654","nodeType":"n8n-nodes-base.rabbitmq","nodeName":"RabbitMQ3","nodeId":"93677961-4c9f-4cd6-8afa-499b34fb9bc3"}}
{"__type":"$$EventMessageConfirm","confirm":"5de6e08a-21bc-4da1-bae3-b230ef24fc8e","ts":"2026-01-03T11:50:42.999-05:00","source":{"id":"0","name":"eventBus"}}
{"__type":"$$EventMessageNode","id":"4a865f36-d9f4-45cd-83ec-0674aa4270d0","ts":"2026-01-03T11:50:43.110-05:00","eventName":"n8n.node.finished","message":"n8n.node.finished","payload":{"workflowId":"bWF48OWHKGgpaQpr","workflowName":"Proyecto ITSI","executionId":"654","nodeType":"n8n-nodes-base.rabbitmq","nodeName":"RabbitMQ3","nodeId":"93677961-4c9f-4cd6-8afa-499b34fb9bc3"}}
{"__type":"$$EventMessageConfirm","confirm":"4a865f36-d9f4-45cd-83ec-0674aa4270d0","ts":"2026-01-03T11:50:43.110-05:00","source":{"id":"0","name":"eventBus"}}
{"__type":"$$EventMessageNode","id":"6321ec69-6c09-4f20-b31c-2feb8d04aceb","ts":"2026-01-03T11:50:43.112-05:00","eventName":"n8n.node.started","message":"n8n.node.started","payload":{"workflowId":"bWF48OWHKGgpaQpr","workflowName":"Proyecto ITSI","executionId":"654","nodeType":"n8n-nodes-base.merge","nodeName":"Merge","nodeId":"a81a74e1-b293-4e5a-9029-dd939bc41194"}}
{"__type":"$$EventMessageConfirm","confirm":"6321ec69-6c09-4f20-b31c-2feb8d04aceb","ts":"2026-01-03T11:50:43.112-05:00","source":{"id":"0","name":"eventBus"}}
{"__type":"$$EventMessageNode","id":"d323e6a4-ca02-482a-9a38-d737c167891a","ts":"2026-01-03T11:50:43.114-05:00","eventName":"n8n.node.finished","message":"n8n.node.finished","payload":{"workflowId":"bWF48OWHKGgpaQpr","workflowName":"Proyecto ITSI","executionId":"654","nodeType":"n8n-nodes-base.merge","nodeName":"Merge","nodeId":"a81a74e1-b293-4e5a-9029-dd939bc41194"}}
{"__type":"$$EventMessageConfirm","confirm":"d323e6a4-ca02-482a-9a38-d737c167891a","ts":"2026-01-03T11:50:43.114-05:00","source":{"id":"0","name":"eventBus"}}
{"__type":"$$EventMessageNode","id":"3c2dc443-7c81-491b-83fe-e9f321ae612a","ts":"2026-01-03T11:50:43.115-05:00","eventName":"n8n.node.started","message":"n8n.node.started","payload":{"workflowId":"bWF48OWHKGgpaQpr","workflowName":"Proyecto ITSI","executionId":"654","nodeType":"n8n-nodes-base.set","nodeName":"Edit Fields3","nodeId":"0ad0c19d-ee51-41da-894a-8d08eaa8e045"}}
{"__type":"$$EventMessageConfirm","confirm":"3c2dc443-7c81-491b-83fe-e9f321ae612a","ts":"2026-01-03T11:50:43.115-05:00","source":{"id":"0","name":"eventBus"}}
{"__type":"$$EventMessageNode","id":"95972393-612d-406c-8d5c-9c3403643419","ts":"2026-01-03T11:50:43.121-05:00","eventName":"n8n.node.finished","message":"n8n.node.finished","payload":{"workflowId":"bWF48OWHKGgpaQpr","workflowName":"Proyecto ITSI","executionId":"654","nodeType":"n8n-nodes-base.set","nodeName":"Edit Fields3","nodeId":"0ad0c19d-ee51-41da-894a-8d08eaa8e045"}}
{"__type":"$$EventMessageConfirm","confirm":"95972393-612d-406c-8d5c-9c3403643419","ts":"2026-01-03T11:50:43.121-05:00","source":{"id":"0","name":"eventBus"}}
{"__type":"$$EventMessageNode","id":"745cf291-977c-4d5b-9727-867a5622e2a0","ts":"2026-01-03T11:50:43.122-05:00","eventName":"n8n.node.started","message":"n8n.node.started","payload":{"workflowId":"bWF48OWHKGgpaQpr","workflowName":"Proyecto ITSI","executionId":"654","nodeType":"n8n-nodes-base.executeWorkflow","nodeName":"Call 'Sub-flujo: Notificar Cliente'","nodeId":"ed356c56-0f3e-45d4-9e88-c7cddcdbf041"}}
{"__type":"$$EventMessageConfirm","confirm":"745cf291-977c-4d5b-9727-867a5622e2a0","ts":"2026-01-03T11:50:43.124-05:00","source":{"id":"0","name":"eventBus"}}
{"__type":"$$EventMessageWorkflow","id":"9c2d3a8f-50ce-42ca-91fa-9260a1aab660","ts":"2026-01-03T11:50:43.271-05:00","eventName":"n8n.workflow.started","message":"n8n.workflow.started","payload":{"executionId":"656","workflowId":"AoZcm6aV9HfMQcdz","isManual":false,"workflowName":"Sub-flujo: Notificar Cliente"}}
{"__type":"$$EventMessageConfirm","confirm":"9c2d3a8f-50ce-42ca-91fa-9260a1aab660","ts":"2026-01-03T11:50:43.271-05:00","source":{"id":"0","name":"eventBus"}}
{"__type":"$$EventMessageNode","id":"c5321f5c-f8f7-4380-b76f-0688f0ba69de","ts":"2026-01-03T11:50:43.272-05:00","eventName":"n8n.node.started","message":"n8n.node.started","payload":{"workflowId":"AoZcm6aV9HfMQcdz","workflowName":"Sub-flujo: Notificar Cliente","executionId":"656","nodeType":"n8n-nodes-base.executeWorkflowTrigger","nodeName":"When Executed by Another Workflow","nodeId":"3dd51426-6bd0-4529-82b9-babb26538611"}}
{"__type":"$$EventMessageConfirm","confirm":"c5321f5c-f8f7-4380-b76f-0688f0ba69de","ts":"2026-01-03T11:50:43.272-05:00","source":{"id":"0","name":"eventBus"}}
{"__type":"$$EventMessageNode","id":"04bbc18c-f134-4046-96fc-74b12ee7f193","ts":"2026-01-03T11:50:43.272-05:00","eventName":"n8n.node.finished","message":"n8n.node.finished","payload":{"workflowId":"AoZcm6aV9HfMQcdz","workflowName":"Sub-flujo: Notificar Cliente","executionId":"656","nodeType":"n8n-nodes-base.executeWorkflowTrigger","nodeName":"When Executed by Another Workflow","nodeId":"3dd51426-6bd0-4529-82b9-babb26538611"}}
{"__type":"$$EventMessageConfirm","confirm":"04bbc18c-f134-4046-96fc-74b12ee7f193","ts":"2026-01-03T11:50:43.273-05:00","source":{"id":"0","name":"eventBus"}}
{"__type":"$$EventMessageNode","id":"74c21301-c5f2-4330-82b9-f61a448a8571","ts":"2026-01-03T11:50:43.273-05:00","eventName":"n8n.node.started","message":"n8n.node.started","payload":{"workflowId":"AoZcm6aV9HfMQcdz","workflowName":"Sub-flujo: Notificar Cliente","executionId":"656","nodeType":"n8n-nodes-base.gmail","nodeName":"Send a message","nodeId":"d83e6ba7-6371-4418-bcfb-b19ecb985743"}}
{"__type":"$$EventMessageConfirm","confirm":"74c21301-c5f2-4330-82b9-f61a448a8571","ts":"2026-01-03T11:50:43.273-05:00","source":{"id":"0","name":"eventBus"}}
{"__type":"$$EventMessageNode","id":"0b84720f-dd0e-4b11-ab5c-0bd98524f2ce","ts":"2026-01-03T11:50:43.926-05:00","eventName":"n8n.node.finished","message":"n8n.node.finished","payload":{"workflowId":"AoZcm6aV9HfMQcdz","workflowName":"Sub-flujo: Notificar Cliente","executionId":"656","nodeType":"n8n-nodes-base.gmail","nodeName":"Send a message","nodeId":"d83e6ba7-6371-4418-bcfb-b19ecb985743"}}
{"__type":"$$EventMessageConfirm","confirm":"0b84720f-dd0e-4b11-ab5c-0bd98524f2ce","ts":"2026-01-03T11:50:43.927-05:00","source":{"id":"0","name":"eventBus"}}
{"__type":"$$EventMessageWorkflow","id":"a383926f-a93e-4657-b114-59420ecf568d","ts":"2026-01-03T11:50:43.928-05:00","eventName":"n8n.workflow.success","message":"n8n.workflow.success","payload":{"userId":"320a3f0c-72cf-4854-85b0-40af06954d1d","executionId":"656","success":true,"isManual":false,"workflowId":"AoZcm6aV9HfMQcdz","workflowName":"Sub-flujo: Notificar Cliente"}}
{"__type":"$$EventMessageConfirm","confirm":"a383926f-a93e-4657-b114-59420ecf568d","ts":"2026-01-03T11:50:43.928-05:00","source":{"id":"0","name":"eventBus"}}
{"__type":"$$EventMessageNode","id":"00200483-dcc7-4388-b44d-8ab39fdc7dd5","ts":"2026-01-03T11:50:44.012-05:00","eventName":"n8n.node.finished","message":"n8n.node.finished","payload":{"workflowId":"bWF48OWHKGgpaQpr","workflowName":"Proyecto ITSI","executionId":"654","nodeType":"n8n-nodes-base.executeWorkflow","nodeName":"Call 'Sub-flujo: Notificar Cliente'","nodeId":"ed356c56-0f3e-45d4-9e88-c7cddcdbf041"}}
{"__type":"$$EventMessageConfirm","confirm":"00200483-dcc7-4388-b44d-8ab39fdc7dd5","ts":"2026-01-03T11:50:44.013-05:00","source":{"id":"0","name":"eventBus"}}
{"__type":"$$EventMessageWorkflow","id":"84aa41a4-f0b4-4898-9594-382b019c9d28","ts":"2026-01-03T11:50:44.026-05:00","eventName":"n8n.workflow.success","message":"n8n.workflow.success","payload":{"userId":"320a3f0c-72cf-4854-85b0-40af06954d1d","executionId":"654","success":true,"isManual":true,"workflowId":"bWF48OWHKGgpaQpr","workflowName":"Proyecto ITSI"}}
{"__type":"$$EventMessageConfirm","confirm":"84aa41a4-f0b4-4898-9594-382b019c9d28","ts":"2026-01-03T11:50:44.026-05:00","source":{"id":"0","name":"eventBus"}}
{"__type":"$$EventMessageWorkflow","id":"3204ae9e-f285-431b-aa34-dc0e9b75f636","ts":"2026-01-03T11:50:48.290-05:00","eventName":"n8n.workflow.started","message":"n8n.workflow.started","payload":{"executionId":"657","workflowId":"AoZcm6aV9HfMQcdz","isManual":false,"workflowName":"Sub-flujo: Notificar Cliente"}}
{"__type":"$$EventMessageConfirm","confirm":"3204ae9e-f285-431b-aa34-dc0e9b75f636","ts":"2026-01-03T11:50:48.290-05:00","source":{"id":"0","name":"eventBus"}}
{"__type":"$$EventMessageNode","id":"a3df2085-829b-4fbf-9e02-cb476dadfd71","ts":"2026-01-03T11:50:48.291-05:00","eventName":"n8n.node.started","message":"n8n.node.started","payload":{"workflowId":"AoZcm6aV9HfMQcdz","workflowName":"Sub-flujo: Notificar Cliente","executionId":"657","nodeType":"n8n-nodes-base.executeWorkflowTrigger","nodeName":"When Executed by Another Workflow","nodeId":"3dd51426-6bd0-4529-82b9-babb26538611"}}
{"__type":"$$EventMessageConfirm","confirm":"a3df2085-829b-4fbf-9e02-cb476dadfd71","ts":"2026-01-03T11:50:48.292-05:00","source":{"id":"0","name":"eventBus"}}
{"__type":"$$EventMessageNode","id":"a0f86c40-087d-4c9d-b2fe-bbe0abf9d601","ts":"2026-01-03T11:50:48.294-05:00","eventName":"n8n.node.finished","message":"n8n.node.finished","payload":{"workflowId":"AoZcm6aV9HfMQcdz","workflowName":"Sub-flujo: Notificar Cliente","executionId":"657","nodeType":"n8n-nodes-base.executeWorkflowTrigger","nodeName":"When Executed by Another Workflow","nodeId":"3dd51426-6bd0-4529-82b9-babb26538611"}}
{"__type":"$$EventMessageConfirm","confirm":"a0f86c40-087d-4c9d-b2fe-bbe0abf9d601","ts":"2026-01-03T11:50:48.294-05:00","source":{"id":"0","name":"eventBus"}}
{"__type":"$$EventMessageNode","id":"872fae78-4c29-4e76-a71f-617ea1985060","ts":"2026-01-03T11:50:48.298-05:00","eventName":"n8n.node.started","message":"n8n.node.started","payload":{"workflowId":"AoZcm6aV9HfMQcdz","workflowName":"Sub-flujo: Notificar Cliente","executionId":"657","nodeType":"n8n-nodes-base.gmail","nodeName":"Send a message","nodeId":"d83e6ba7-6371-4418-bcfb-b19ecb985743"}}
{"__type":"$$EventMessageConfirm","confirm":"872fae78-4c29-4e76-a71f-617ea1985060","ts":"2026-01-03T11:50:48.299-05:00","source":{"id":"0","name":"eventBus"}}
{"__type":"$$EventMessageNode","id":"22a5592b-e358-431a-a476-16bdafa3abdf","ts":"2026-01-03T11:50:48.303-05:00","eventName":"n8n.node.finished","message":"n8n.node.finished","payload":{"workflowId":"AoZcm6aV9HfMQcdz","workflowName":"Sub-flujo: Notificar Cliente","executionId":"657","nodeType":"n8n-nodes-base.gmail","nodeName":"Send a message","nodeId":"d83e6ba7-6371-4418-bcfb-b19ecb985743"}}
{"__type":"$$EventMessageConfirm","confirm":"22a5592b-e358-431a-a476-16bdafa3abdf","ts":"2026-01-03T11:50:48.303-05:00","source":{"id":"0","name":"eventBus"}}
{"__type":"$$EventMessageWorkflow","id":"3783a88d-c5f4-4dbe-9f8d-c7799592565b","ts":"2026-01-03T11:50:48.307-05:00","eventName":"n8n.workflow.failed","message":"n8n.workflow.failed","payload":{"userId":"320a3f0c-72cf-4854-85b0-40af06954d1d","executionId":"657","success":false,"isManual":true,"workflowId":"AoZcm6aV9HfMQcdz","workflowName":"Sub-flujo: Notificar Cliente","lastNodeExecuted":"Send a message","errorNodeType":"n8n-nodes-base.gmail","errorMessage":"Invalid email address (item 0)"}}
{"__type":"$$EventMessageConfirm","confirm":"3783a88d-c5f4-4dbe-9f8d-c7799592565b","ts":"2026-01-03T11:50:48.308-05:00","source":{"id":"0","name":"eventBus"}}
{"__type":"$$EventMessageWorkflow","id":"4a4a0bd2-8faf-4dae-b836-d9a385f7357a","ts":"2026-01-03T11:51:31.057-05:00","eventName":"n8n.workflow.started","message":"n8n.workflow.started","payload":{"executionId":"658","workflowId":"AoZcm6aV9HfMQcdz","isManual":false,"workflowName":"Sub-flujo: Notificar Cliente"}}
{"__type":"$$EventMessageConfirm","confirm":"4a4a0bd2-8faf-4dae-b836-d9a385f7357a","ts":"2026-01-03T11:51:31.058-05:00","source":{"id":"0","name":"eventBus"}}
{"__type":"$$EventMessageNode","id":"f62313e7-b4b9-496c-a4e8-950b6e887a0e","ts":"2026-01-03T11:51:31.059-05:00","eventName":"n8n.node.started","message":"n8n.node.started","payload":{"workflowId":"AoZcm6aV9HfMQcdz","workflowName":"Sub-flujo: Notificar Cliente","executionId":"658","nodeType":"n8n-nodes-base.executeWorkflowTrigger","nodeName":"When Executed by Another Workflow","nodeId":"3dd51426-6bd0-4529-82b9-babb26538611"}}
{"__type":"$$EventMessageConfirm","confirm":"f62313e7-b4b9-496c-a4e8-950b6e887a0e","ts":"2026-01-03T11:51:31.059-05:00","source":{"id":"0","name":"eventBus"}}
{"__type":"$$EventMessageNode","id":"6fd6011e-e84d-44f3-81c0-3b2f583816a7","ts":"2026-01-03T11:51:31.062-05:00","eventName":"n8n.node.finished","message":"n8n.node.finished","payload":{"workflowId":"AoZcm6aV9HfMQcdz","workflowName":"Sub-flujo: Notificar Cliente","executionId":"658","nodeType":"n8n-nodes-base.executeWorkflowTrigger","nodeName":"When Executed by Another Workflow","nodeId":"3dd51426-6bd0-4529-82b9-babb26538611"}}
{"__type":"$$EventMessageConfirm","confirm":"6fd6011e-e84d-44f3-81c0-3b2f583816a7","ts":"2026-01-03T11:51:31.062-05:00","source":{"id":"0","name":"eventBus"}}
{"__type":"$$EventMessageNode","id":"a7746262-3b2d-41c5-a338-31c5a12fbf9b","ts":"2026-01-03T11:51:31.064-05:00","eventName":"n8n.node.started","message":"n8n.node.started","payload":{"workflowId":"AoZcm6aV9HfMQcdz","workflowName":"Sub-flujo: Notificar Cliente","executionId":"658","nodeType":"n8n-nodes-base.gmail","nodeName":"Send a message","nodeId":"d83e6ba7-6371-4418-bcfb-b19ecb985743"}}
{"__type":"$$EventMessageConfirm","confirm":"a7746262-3b2d-41c5-a338-31c5a12fbf9b","ts":"2026-01-03T11:51:31.064-05:00","source":{"id":"0","name":"eventBus"}}
{"__type":"$$EventMessageNode","id":"2f0d831f-7b12-45cd-ba16-90d5c18cb3ed","ts":"2026-01-03T11:51:31.071-05:00","eventName":"n8n.node.finished","message":"n8n.node.finished","payload":{"workflowId":"AoZcm6aV9HfMQcdz","workflowName":"Sub-flujo: Notificar Cliente","executionId":"658","nodeType":"n8n-nodes-base.gmail","nodeName":"Send a message","nodeId":"d83e6ba7-6371-4418-bcfb-b19ecb985743"}}
{"__type":"$$EventMessageConfirm","confirm":"2f0d831f-7b12-45cd-ba16-90d5c18cb3ed","ts":"2026-01-03T11:51:31.071-05:00","source":{"id":"0","name":"eventBus"}}
{"__type":"$$EventMessageWorkflow","id":"73c8ccf8-8d69-4acc-8c99-5aab7bf38429","ts":"2026-01-03T11:51:31.077-05:00","eventName":"n8n.workflow.failed","message":"n8n.workflow.failed","payload":{"userId":"320a3f0c-72cf-4854-85b0-40af06954d1d","executionId":"658","success":false,"isManual":true,"workflowId":"AoZcm6aV9HfMQcdz","workflowName":"Sub-flujo: Notificar Cliente","lastNodeExecuted":"Send a message","errorNodeType":"n8n-nodes-base.gmail","errorMessage":"Invalid email address (item 0)"}}
{"__type":"$$EventMessageConfirm","confirm":"73c8ccf8-8d69-4acc-8c99-5aab7bf38429","ts":"2026-01-03T11:51:31.078-05:00","source":{"id":"0","name":"eventBus"}}
{"__type":"$$EventMessageWorkflow","id":"4c04f364-8ecc-493f-8d02-d0b9479c0fd9","ts":"2026-01-03T11:51:37.331-05:00","eventName":"n8n.workflow.started","message":"n8n.workflow.started","payload":{"executionId":"659","workflowId":"AoZcm6aV9HfMQcdz","isManual":false,"workflowName":"Sub-flujo: Notificar Cliente"}}
{"__type":"$$EventMessageConfirm","confirm":"4c04f364-8ecc-493f-8d02-d0b9479c0fd9","ts":"2026-01-03T11:51:37.331-05:00","source":{"id":"0","name":"eventBus"}}
{"__type":"$$EventMessageNode","id":"2c5429ba-04c5-4e8b-b992-84c19337ca61","ts":"2026-01-03T11:51:37.332-05:00","eventName":"n8n.node.started","message":"n8n.node.started","payload":{"workflowId":"AoZcm6aV9HfMQcdz","workflowName":"Sub-flujo: Notificar Cliente","executionId":"659","nodeType":"n8n-nodes-base.executeWorkflowTrigger","nodeName":"When Executed by Another Workflow","nodeId":"3dd51426-6bd0-4529-82b9-babb26538611"}}
{"__type":"$$EventMessageConfirm","confirm":"2c5429ba-04c5-4e8b-b992-84c19337ca61","ts":"2026-01-03T11:51:37.332-05:00","source":{"id":"0","name":"eventBus"}}
{"__type":"$$EventMessageNode","id":"e3f74b1d-cae6-4f1c-888a-ece3ac7caeae","ts":"2026-01-03T11:51:37.334-05:00","eventName":"n8n.node.finished","message":"n8n.node.finished","payload":{"workflowId":"AoZcm6aV9HfMQcdz","workflowName":"Sub-flujo: Notificar Cliente","executionId":"659","nodeType":"n8n-nodes-base.executeWorkflowTrigger","nodeName":"When Executed by Another Workflow","nodeId":"3dd51426-6bd0-4529-82b9-babb26538611"}}
{"__type":"$$EventMessageConfirm","confirm":"e3f74b1d-cae6-4f1c-888a-ece3ac7caeae","ts":"2026-01-03T11:51:37.335-05:00","source":{"id":"0","name":"eventBus"}}
{"__type":"$$EventMessageNode","id":"c30ada3a-a7e4-4328-8f81-70da341ed2d7","ts":"2026-01-03T11:51:37.336-05:00","eventName":"n8n.node.started","message":"n8n.node.started","payload":{"workflowId":"AoZcm6aV9HfMQcdz","workflowName":"Sub-flujo: Notificar Cliente","executionId":"659","nodeType":"n8n-nodes-base.gmail","nodeName":"Send a message","nodeId":"d83e6ba7-6371-4418-bcfb-b19ecb985743"}}
{"__type":"$$EventMessageConfirm","confirm":"c30ada3a-a7e4-4328-8f81-70da341ed2d7","ts":"2026-01-03T11:51:37.336-05:00","source":{"id":"0","name":"eventBus"}}
{"__type":"$$EventMessageNode","id":"2126eebb-84f3-430d-86d8-b779602054ff","ts":"2026-01-03T11:51:37.340-05:00","eventName":"n8n.node.finished","message":"n8n.node.finished","payload":{"workflowId":"AoZcm6aV9HfMQcdz","workflowName":"Sub-flujo: Notificar Cliente","executionId":"659","nodeType":"n8n-nodes-base.gmail","nodeName":"Send a message","nodeId":"d83e6ba7-6371-4418-bcfb-b19ecb985743"}}
{"__type":"$$EventMessageConfirm","confirm":"2126eebb-84f3-430d-86d8-b779602054ff","ts":"2026-01-03T11:51:37.341-05:00","source":{"id":"0","name":"eventBus"}}
{"__type":"$$EventMessageWorkflow","id":"5a6b3fc6-6491-41c8-a21e-aadaebb6e742","ts":"2026-01-03T11:51:37.349-05:00","eventName":"n8n.workflow.failed","message":"n8n.workflow.failed","payload":{"userId":"320a3f0c-72cf-4854-85b0-40af06954d1d","executionId":"659","success":false,"isManual":true,"workflowId":"AoZcm6aV9HfMQcdz","workflowName":"Sub-flujo: Notificar Cliente","lastNodeExecuted":"Send a message","errorNodeType":"n8n-nodes-base.gmail","errorMessage":"Invalid email address (item 0)"}}
{"__type":"$$EventMessageConfirm","confirm":"5a6b3fc6-6491-41c8-a21e-aadaebb6e742","ts":"2026-01-03T11:51:37.350-05:00","source":{"id":"0","name":"eventBus"}}
{"__type":"$$EventMessageWorkflow","id":"a16ebbd9-16da-41b1-b452-e6a721cc10cc","ts":"2026-01-03T11:51:42.067-05:00","eventName":"n8n.workflow.started","message":"n8n.workflow.started","payload":{"executionId":"660","workflowId":"bWF48OWHKGgpaQpr","isManual":false,"workflowName":"Proyecto ITSI"}}
{"__type":"$$EventMessageConfirm","confirm":"a16ebbd9-16da-41b1-b452-e6a721cc10cc","ts":"2026-01-03T11:51:42.068-05:00","source":{"id":"0","name":"eventBus"}}
{"__type":"$$EventMessageNode","id":"ca0665f2-eca0-4943-9c0f-0de3a6d18460","ts":"2026-01-03T11:51:42.068-05:00","eventName":"n8n.node.started","message":"n8n.node.started","payload":{"workflowId":"bWF48OWHKGgpaQpr","workflowName":"Proyecto ITSI","executionId":"660","nodeType":"n8n-nodes-base.gmailTrigger","nodeName":"Gmail Trigger","nodeId":"10713d14-856d-4b97-8b53-9cfe29fab342"}}
{"__type":"$$EventMessageConfirm","confirm":"ca0665f2-eca0-4943-9c0f-0de3a6d18460","ts":"2026-01-03T11:51:42.068-05:00","source":{"id":"0","name":"eventBus"}}
{"__type":"$$EventMessageWorkflow","id":"a11bbca5-f604-480e-bf08-d3ee7952411a","ts":"2026-01-03T11:51:43.143-05:00","eventName":"n8n.workflow.success","message":"n8n.workflow.success","payload":{"userId":"320a3f0c-72cf-4854-85b0-40af06954d1d","executionId":"660","success":true,"isManual":true,"workflowId":"bWF48OWHKGgpaQpr","workflowName":"Proyecto ITSI"}}
{"__type":"$$EventMessageConfirm","confirm":"a11bbca5-f604-480e-bf08-d3ee7952411a","ts":"2026-01-03T11:51:43.144-05:00","source":{"id":"0","name":"eventBus"}}
{"__type":"$$EventMessageWorkflow","id":"44b4519f-2f84-43e1-a081-901d3ba67f06","ts":"2026-01-03T11:51:45.110-05:00","eventName":"n8n.workflow.started","message":"n8n.workflow.started","payload":{"executionId":"661","workflowId":"bWF48OWHKGgpaQpr","isManual":false,"workflowName":"Proyecto ITSI"}}
{"__type":"$$EventMessageConfirm","confirm":"44b4519f-2f84-43e1-a081-901d3ba67f06","ts":"2026-01-03T11:51:45.110-05:00","source":{"id":"0","name":"eventBus"}}
{"__type":"$$EventMessageNode","id":"507bc20f-42ad-4c83-be27-918b5fc471fa","ts":"2026-01-03T11:51:45.111-05:00","eventName":"n8n.node.started","message":"n8n.node.started","payload":{"workflowId":"bWF48OWHKGgpaQpr","workflowName":"Proyecto ITSI","executionId":"661","nodeType":"n8n-nodes-base.gmailTrigger","nodeName":"Gmail Trigger","nodeId":"10713d14-856d-4b97-8b53-9cfe29fab342"}}
{"__type":"$$EventMessageConfirm","confirm":"507bc20f-42ad-4c83-be27-918b5fc471fa","ts":"2026-01-03T11:51:45.112-05:00","source":{"id":"0","name":"eventBus"}}
{"__type":"$$EventMessageWorkflow","id":"66c25428-ba7b-4eb2-a94b-11f0a9876e5e","ts":"2026-01-03T11:51:46.251-05:00","eventName":"n8n.workflow.success","message":"n8n.workflow.success","payload":{"userId":"320a3f0c-72cf-4854-85b0-40af06954d1d","executionId":"661","success":true,"isManual":true,"workflowId":"bWF48OWHKGgpaQpr","workflowName":"Proyecto ITSI"}}
{"__type":"$$EventMessageConfirm","confirm":"66c25428-ba7b-4eb2-a94b-11f0a9876e5e","ts":"2026-01-03T11:51:46.251-05:00","source":{"id":"0","name":"eventBus"}}
{"__type":"$$EventMessageWorkflow","id":"455f318e-878a-4f8f-be11-e8f7baeac563","ts":"2026-01-03T11:51:51.419-05:00","eventName":"n8n.workflow.started","message":"n8n.workflow.started","payload":{"executionId":"662","workflowId":"bWF48OWHKGgpaQpr","isManual":false,"workflowName":"Proyecto ITSI"}}
{"__type":"$$EventMessageConfirm","confirm":"455f318e-878a-4f8f-be11-e8f7baeac563","ts":"2026-01-03T11:51:51.420-05:00","source":{"id":"0","name":"eventBus"}}
{"__type":"$$EventMessageNode","id":"30933272-f8f4-426d-a370-38c11018fc17","ts":"2026-01-03T11:51:51.420-05:00","eventName":"n8n.node.started","message":"n8n.node.started","payload":{"workflowId":"bWF48OWHKGgpaQpr","workflowName":"Proyecto ITSI","executionId":"662","nodeType":"n8n-nodes-base.gmailTrigger","nodeName":"Gmail Trigger","nodeId":"10713d14-856d-4b97-8b53-9cfe29fab342"}}
{"__type":"$$EventMessageConfirm","confirm":"30933272-f8f4-426d-a370-38c11018fc17","ts":"2026-01-03T11:51:51.421-05:00","source":{"id":"0","name":"eventBus"}}
{"__type":"$$EventMessageWorkflow","id":"cc71913c-a471-4a54-a9c5-75df52685991","ts":"2026-01-03T11:51:52.392-05:00","eventName":"n8n.workflow.success","message":"n8n.workflow.success","payload":{"userId":"320a3f0c-72cf-4854-85b0-40af06954d1d","executionId":"662","success":true,"isManual":true,"workflowId":"bWF48OWHKGgpaQpr","workflowName":"Proyecto ITSI"}}
{"__type":"$$EventMessageConfirm","confirm":"cc71913c-a471-4a54-a9c5-75df52685991","ts":"2026-01-03T11:51:52.393-05:00","source":{"id":"0","name":"eventBus"}}
